generation,rank_1,rank_2,swapAccepted
1000,1,2,1
2000,1,3,1
3000,2,4,1
4000,1,4,1
5000,3,4,1
6000,2,4,1
7000,2,3,1
8000,1,2,1
9000,1,2,1
10000,2,4,1
11000,2,3,1
12000,1,3,1
13000,1,2,1
14000,1,3,1
15000,1,2,1
16000,1,4,1
17000,2,3,1
18000,1,4,1
19000,2,3,1
20000,1,2,1
21000,1,4,1
22000,1,4,1
23000,1,3,1
24000,1,4,1
25000,2,3,0
26000,2,3,1
27000,1,3,1
28000,3,4,1
29000,2,4,1
30000,1,3,1
31000,2,3,1
32000,1,3,1
33000,1,3,1
34000,1,3,1
35000,2,3,1
36000,1,2,1
37000,1,2,1
38000,2,3,1
39000,3,4,1
40000,1,4,1
41000,1,3,1
42000,3,4,1
43000,2,3,1
44000,1,3,1
45000,2,4,1
46000,1,4,1
47000,1,4,1
48000,1,2,1
49000,1,4,1
50000,1,3,1
51000,2,3,1
52000,1,2,1
53000,1,3,1
54000,3,4,1
55000,1,2,1
56000,3,4,0
57000,2,3,1
58000,2,4,1
59000,1,4,1
60000,3,4,1
61000,1,3,0
62000,1,2,1
63000,2,4,1
64000,1,2,1
65000,3,4,1
66000,2,4,1
67000,1,2,1
68000,1,4,1
69000,1,4,1
70000,1,2,1
71000,2,4,1
72000,2,4,1
73000,1,4,1
74000,2,3,1
75000,2,4,1
76000,1,3,1
77000,2,3,1
78000,1,2,1
79000,1,3,1
80000,1,4,1
81000,1,3,1
82000,3,4,1
83000,1,3,1
84000,1,4,1
85000,1,4,1
86000,3,4,1
87000,1,2,0
88000,1,4,0
89000,1,4,0
90000,3,4,1
91000,1,3,0
92000,1,4,0
93000,2,3,1
94000,2,4,1
95000,2,3,1
96000,1,2,0
97000,2,4,1
98000,2,3,1
99000,1,2,1
100000,1,4,0
101000,2,4,0
102000,2,3,0
103000,2,4,1
104000,3,4,1
105000,1,3,1
106000,2,4,1
107000,2,3,1
108000,1,4,0
109000,1,2,1
110000,2,4,0
111000,1,2,1
112000,1,2,1
113000,1,2,1
114000,1,2,0
115000,3,4,1
116000,1,3,0
117000,2,4,1
118000,1,4,1
119000,2,4,1
120000,2,4,0
121000,1,4,1
122000,1,2,1
123000,1,4,1
124000,2,4,1
125000,1,2,1
126000,2,4,1
127000,2,3,1
128000,1,4,0
129000,3,4,1
130000,1,3,0
131000,2,4,1
132000,1,4,0
133000,2,4,1
134000,1,4,0
135000,1,4,1
136000,1,3,1
137000,1,2,1
138000,2,3,1
139000,1,2,1
140000,1,2,1
141000,1,4,1
142000,2,4,1
143000,1,2,0
144000,2,4,1
145000,2,4,1
146000,2,3,1
147000,2,4,0
148000,1,2,1
149000,2,3,1
150000,2,4,1
151000,2,4,1
152000,2,3,1
153000,2,3,1
154000,1,4,0
155000,1,3,1
156000,2,4,1
157000,3,4,0
158000,2,4,1
159000,1,3,1
160000,1,2,1
161000,2,4,0
162000,2,3,1
163000,1,3,1
164000,1,4,0
165000,1,3,0
166000,1,3,0
167000,1,4,0
168000,2,4,1
169000,1,2,1
170000,1,2,1
171000,2,4,1
172000,1,3,1
173000,2,3,1
174000,1,2,1
175000,2,4,1
176000,1,4,0
177000,1,2,1
178000,1,2,1
179000,3,4,1
180000,1,2,1
181000,2,4,0
182000,2,4,0
183000,2,3,0
184000,1,4,1
185000,3,4,1
186000,2,3,0
187000,2,4,1
188000,1,4,1
189000,1,4,1
190000,1,4,1
191000,2,3,1
192000,1,3,0
193000,3,4,1
194000,1,2,1
195000,3,4,1
196000,2,4,1
197000,1,2,1
198000,1,3,1
199000,1,3,1
200000,3,4,1
201000,3,4,1
202000,1,2,1
203000,2,4,1
204000,1,4,1
205000,1,3,1
206000,1,4,1
207000,1,3,1
208000,1,4,0
209000,2,3,1
210000,2,3,1
211000,1,4,1
212000,2,3,1
213000,1,3,1
214000,3,4,1
215000,2,4,1
216000,1,2,0
217000,1,4,1
218000,2,4,1
219000,1,3,1
220000,1,3,1
221000,1,2,1
222000,1,3,1
223000,1,2,1
224000,2,3,1
225000,1,3,1
226000,2,4,1
227000,3,4,1
228000,2,4,1
229000,2,4,1
230000,1,3,1
231000,1,4,0
232000,2,3,1
233000,2,3,1
234000,2,4,1
235000,1,4,1
236000,3,4,1
237000,3,4,1
238000,1,3,1
239000,1,3,0
240000,1,4,1
241000,1,3,1
242000,2,3,1
243000,2,3,1
244000,2,4,1
245000,2,4,0
246000,2,4,0
247000,1,3,1
248000,1,2,1
249000,2,3,0
250000,2,4,0
251000,2,3,1
252000,1,2,0
253000,1,2,1
254000,2,3,1
255000,2,4,0
256000,1,4,1
257000,1,2,1
258000,2,4,1
259000,1,4,1
260000,1,4,1
261000,2,3,1
262000,1,4,0
263000,2,4,1
264000,1,2,1
265000,1,4,1
266000,1,4,1
267000,3,4,1
268000,2,4,1
269000,1,4,1
270000,1,3,1
271000,1,3,1
272000,1,4,0
273000,1,3,1
274000,1,4,0
275000,1,4,0
276000,1,3,1
277000,1,4,1
278000,1,2,0
279000,3,4,1
280000,2,3,1
281000,1,2,1
282000,2,3,1
283000,2,4,1
284000,2,3,0
285000,3,4,0
286000,1,2,1
287000,2,4,1
288000,2,3,1
289000,1,4,0
290000,2,4,1
291000,2,3,1
292000,1,3,0
293000,2,3,1
294000,2,4,1
295000,2,4,1
296000,1,3,1
297000,3,4,0
298000,1,4,1
299000,3,4,1
300000,1,4,1
301000,1,4,0
302000,2,4,1
303000,1,3,1
304000,1,3,1
305000,3,4,1
306000,2,3,1
307000,2,4,0
308000,2,4,0
309000,3,4,1
310000,1,4,1
311000,1,2,1
312000,2,4,1
313000,1,4,0
314000,2,3,1
315000,2,4,1
316000,3,4,1
317000,2,3,1
318000,2,4,1
319000,2,3,0
320000,1,4,0
321000,3,4,1
322000,2,4,1
323000,1,4,1
324000,2,3,1
325000,2,4,1
326000,2,4,1
327000,1,2,1
328000,1,4,1
329000,1,4,0
330000,3,4,1
331000,1,4,1
332000,3,4,1
333000,1,3,1
334000,1,3,1
335000,3,4,1
336000,3,4,1
337000,3,4,1
338000,3,4,1
339000,1,2,1
340000,2,4,1
341000,3,4,1
342000,1,3,1
343000,1,2,1
344000,1,3,1
345000,3,4,1
346000,2,3,1
347000,1,2,1
348000,2,4,0
349000,3,4,1
350000,2,4,1
351000,3,4,1
352000,3,4,0
353000,2,3,1
354000,3,4,1
355000,1,3,1
356000,3,4,1
357000,1,2,1
358000,1,4,1
359000,2,3,1
360000,1,3,1
361000,2,4,1
362000,2,4,0
363000,3,4,0
364000,2,3,1
365000,1,4,1
366000,2,3,1
367000,3,4,0
368000,2,4,1
369000,1,3,1
370000,3,4,1
371000,2,4,1
372000,3,4,1
373000,2,3,1
374000,2,4,1
375000,1,4,0
376000,2,4,0
377000,2,3,0
378000,2,3,0
379000,2,3,1
380000,2,4,1
381000,3,4,1
382000,3,4,1
383000,1,3,1
384000,1,2,1
385000,2,4,0
386000,1,4,1
387000,3,4,0
388000,3,4,0
389000,3,4,1
390000,2,3,1
391000,1,3,1
392000,2,4,1
393000,2,3,1
394000,2,4,0
395000,2,4,1
396000,2,3,1
397000,2,4,0
398000,2,4,0
399000,1,3,0
400000,2,4,0
401000,1,2,1
402000,1,4,0
403000,1,3,1
404000,1,2,1
405000,3,4,1
406000,3,4,1
407000,1,3,1
408000,1,4,0
409000,1,3,1
410000,2,3,1
411000,2,4,0
412000,1,2,1
413000,3,4,1
414000,2,3,1
415000,3,4,0
416000,2,4,0
417000,3,4,1
418000,1,2,1
419000,2,3,1
420000,1,3,1
421000,2,3,1
422000,1,4,1
423000,2,3,0
424000,3,4,1
425000,1,2,1
426000,1,4,0
427000,1,3,1
428000,1,3,1
429000,2,3,1
430000,2,4,1
431000,3,4,0
432000,2,3,1
433000,2,3,0
434000,1,3,1
435000,3,4,1
436000,1,4,1
437000,3,4,1
438000,2,4,1
439000,3,4,1
440000,2,3,1
441000,2,4,0
442000,1,2,1
443000,1,4,0
444000,1,4,0
445000,1,3,0
446000,1,2,1
447000,3,4,0
448000,1,4,0
449000,1,4,0
450000,1,3,1
451000,1,4,1
452000,3,4,1
453000,1,4,1
454000,2,4,1
455000,2,4,1
456000,1,2,1
457000,3,4,1
458000,2,4,1
459000,2,3,1
460000,2,3,1
461000,1,3,1
462000,1,2,1
463000,2,3,1
464000,1,2,1
465000,3,4,1
466000,3,4,1
467000,1,3,0
468000,1,4,1
469000,1,3,0
470000,2,4,1
471000,3,4,1
472000,1,3,1
473000,2,4,0
474000,3,4,1
475000,2,3,1
476000,1,2,1
477000,2,3,1
478000,2,3,1
479000,1,4,1
480000,3,4,1
481000,1,4,1
482000,1,2,1
483000,3,4,1
484000,1,2,1
485000,2,3,1
486000,3,4,1
487000,1,4,1
488000,3,4,1
489000,2,3,1
490000,3,4,0
491000,1,2,1
492000,3,4,1
493000,1,2,1
494000,2,4,1
495000,2,4,1
496000,1,4,1
497000,3,4,1
498000,2,4,0
499000,1,3,1
500000,2,3,1
501000,1,2,1
502000,1,3,1
503000,2,4,1
504000,1,2,1
505000,1,3,1
506000,1,2,1
507000,3,4,1
508000,3,4,1
509000,2,4,1
510000,1,3,0
511000,1,2,0
512000,1,3,0
513000,1,3,1
514000,1,3,1
515000,1,3,1
516000,3,4,1
517000,1,3,1
518000,2,4,1
519000,1,4,0
520000,1,4,1
521000,1,2,1
522000,1,3,0
523000,2,4,1
524000,1,2,1
525000,1,4,1
526000,3,4,1
527000,1,2,1
528000,3,4,1
529000,1,4,1
530000,2,3,0
531000,3,4,1
532000,1,3,1
533000,3,4,1
534000,1,3,1
535000,2,3,1
536000,1,4,1
537000,1,2,1
538000,2,4,1
539000,1,4,1
540000,2,3,1
541000,1,4,1
542000,1,3,0
543000,1,3,0
544000,1,2,0
545000,1,2,0
546000,1,4,1
547000,3,4,1
548000,2,4,0
549000,1,3,1
550000,2,4,0
551000,2,4,1
552000,1,4,1
553000,2,4,1
554000,1,4,1
555000,1,4,1
556000,2,3,1
557000,3,4,0
558000,1,4,0
559000,2,3,1
560000,1,4,1
561000,1,2,1
562000,1,4,0
563000,2,4,1
564000,1,4,0
565000,1,2,0
566000,2,3,1
567000,1,2,1
568000,2,3,1
569000,1,3,1
570000,3,4,1
571000,2,4,1
572000,2,3,0
573000,1,2,1
574000,1,3,0
575000,2,4,1
576000,2,4,1
577000,1,3,1
578000,1,4,1
579000,1,2,1
580000,3,4,1
581000,2,4,1
582000,2,4,0
583000,2,4,1
584000,3,4,1
585000,2,3,1
586000,1,2,0
587000,2,4,0
588000,2,3,1
589000,1,3,1
590000,3,4,1
591000,3,4,1
592000,1,4,0
593000,2,3,1
594000,1,3,1
595000,1,2,1
596000,2,4,1
597000,2,4,1
598000,1,4,0
599000,1,2,1
600000,2,4,1
601000,2,3,1
602000,1,2,1
603000,3,4,1
604000,1,4,0
605000,1,4,0
606000,2,4,0
607000,2,4,1
608000,1,3,1
609000,3,4,1
610000,2,3,1
611000,2,4,1
612000,2,4,1
613000,1,3,1
614000,3,4,1
615000,2,3,1
616000,3,4,1
617000,1,4,1
618000,1,3,1
619000,2,3,1
620000,1,3,1
621000,1,3,1
622000,1,3,0
623000,1,4,0
624000,2,3,1
625000,1,4,0
626000,1,4,1
627000,1,3,1
628000,1,3,0
629000,1,3,1
630000,2,3,1
631000,2,4,1
632000,1,2,1
633000,1,4,0
634000,3,4,1
635000,1,2,1
636000,1,2,1
637000,2,3,1
638000,1,3,1
639000,3,4,1
640000,1,3,1
641000,3,4,1
642000,3,4,0
643000,3,4,0
644000,1,2,1
645000,2,3,1
646000,2,3,0
647000,1,2,1
648000,2,4,1
649000,3,4,1
650000,1,4,0
651000,2,3,1
652000,1,4,0
653000,3,4,1
654000,1,3,0
655000,1,4,1
656000,1,4,1
657000,2,4,1
658000,3,4,1
659000,1,4,1
660000,2,4,1
661000,2,4,1
662000,1,4,1
663000,3,4,1
664000,1,4,1
665000,1,4,1
666000,1,2,0
667000,3,4,0
668000,2,4,1
669000,2,3,1
670000,2,3,1
671000,2,3,1
672000,3,4,1
673000,2,3,1
674000,1,4,1
675000,1,4,1
676000,1,4,0
677000,3,4,1
678000,1,4,0
679000,2,3,1
680000,2,4,1
681000,1,2,0
682000,1,3,0
683000,1,3,1
684000,2,3,1
685000,1,3,1
686000,1,4,1
687000,2,3,0
688000,3,4,1
689000,1,3,0
690000,1,2,1
691000,2,4,1
692000,3,4,1
693000,2,3,1
694000,1,2,1
695000,2,3,1
696000,1,4,0
697000,1,4,0
698000,3,4,1
699000,1,2,1
700000,1,4,1
701000,2,4,1
702000,1,2,1
703000,1,4,1
704000,1,2,1
705000,2,3,1
706000,1,3,1
707000,2,3,1
708000,2,3,0
709000,2,3,1
710000,3,4,1
711000,3,4,1
712000,3,4,1
713000,1,4,1
714000,3,4,1
715000,1,2,0
716000,1,2,1
717000,1,2,1
718000,1,2,1
719000,1,2,1
720000,2,3,1
721000,1,2,1
722000,3,4,1
723000,1,4,0
724000,1,4,1
725000,1,4,1
726000,2,3,1
727000,2,4,1
728000,2,3,1
729000,1,3,1
730000,2,4,1
731000,1,4,1
732000,1,2,0
733000,2,3,1
734000,1,4,1
735000,2,4,1
736000,1,2,1
737000,1,2,1
738000,3,4,1
739000,1,2,1
740000,2,3,1
741000,1,2,0
742000,1,3,1
743000,2,4,1
744000,3,4,0
745000,1,2,1
746000,2,4,1
747000,2,3,1
748000,1,2,1
749000,1,2,0
750000,1,3,0
751000,3,4,1
752000,1,2,1
753000,1,2,1
754000,1,3,1
755000,1,2,1
756000,2,3,1
757000,1,4,1
758000,1,3,1
759000,3,4,1
760000,3,4,1
761000,3,4,1
762000,2,4,0
763000,1,4,1
764000,1,2,1
765000,3,4,1
766000,2,3,1
767000,1,2,0
768000,2,4,1
769000,3,4,1
770000,2,3,1
771000,1,3,0
772000,3,4,1
773000,2,4,1
774000,1,4,0
775000,2,4,1
776000,2,4,1
777000,2,4,1
778000,1,4,1
779000,1,2,1
780000,1,4,1
781000,2,4,1
782000,2,3,1
783000,2,4,1
784000,1,4,1
785000,2,4,1
786000,1,3,0
787000,1,2,1
788000,2,4,0
789000,2,3,1
790000,1,2,0
791000,2,4,1
792000,1,3,1
793000,1,4,0
794000,1,3,1
795000,1,2,1
796000,2,4,0
797000,1,3,1
798000,2,3,1
799000,1,2,0
800000,1,4,0
801000,1,2,1
802000,1,4,1
803000,1,4,1
804000,2,3,1
805000,2,4,1
806000,2,4,1
807000,3,4,1
808000,2,3,0
809000,1,3,1
810000,2,4,1
811000,2,3,1
812000,1,3,1
813000,1,3,1
814000,2,3,1
815000,3,4,1
816000,1,2,1
817000,2,4,0
818000,2,4,1
819000,1,2,1
820000,3,4,1
821000,1,4,1
822000,2,4,1
823000,1,3,0
824000,1,4,1
825000,1,3,1
826000,2,4,1
827000,1,4,1
828000,1,2,1
829000,2,3,1
830000,1,3,0
831000,2,4,1
832000,1,4,1
833000,1,4,1
834000,2,4,1
835000,1,2,0
836000,1,3,0
837000,1,2,1
838000,1,4,1
839000,1,3,1
840000,1,3,1
841000,1,4,1
842000,1,3,0
843000,2,3,1
844000,1,3,1
845000,1,2,0
846000,2,3,1
847000,2,4,0
848000,1,4,0
849000,2,3,1
850000,2,4,1
851000,2,4,1
852000,2,4,1
853000,2,3,1
854000,2,3,1
855000,2,4,1
856000,1,3,1
857000,2,3,1
858000,1,4,1
859000,1,3,1
860000,1,2,1
861000,1,2,1
862000,2,4,1
863000,3,4,1
864000,1,3,1
865000,3,4,1
866000,2,3,1
867000,2,4,1
868000,1,2,1
869000,1,3,1
870000,1,3,0
871000,1,4,0
872000,2,3,1
873000,1,3,1
874000,3,4,0
875000,2,4,0
876000,2,4,0
877000,1,4,0
878000,3,4,1
879000,1,3,1
880000,1,2,1
881000,1,2,1
882000,1,4,1
883000,2,3,1
884000,3,4,1
885000,1,3,0
886000,1,3,1
887000,1,4,1
888000,2,3,1
889000,1,2,1
890000,1,2,1
891000,1,3,1
892000,1,4,1
893000,2,4,1
894000,3,4,1
895000,2,4,1
896000,2,4,1
897000,1,4,1
898000,1,3,1
899000,2,3,1
900000,1,4,0
901000,1,4,0
902000,1,3,1
903000,1,4,0
904000,3,4,0
905000,2,3,1
906000,1,3,1
907000,3,4,0
908000,1,3,1
909000,1,3,0
910000,2,3,0
911000,2,4,0
912000,2,3,1
913000,2,3,1
914000,2,3,0
915000,1,4,0
916000,3,4,1
917000,1,4,0
918000,3,4,1
919000,1,2,1
920000,1,3,1
921000,1,3,1
922000,2,3,1
923000,1,4,0
924000,3,4,0
925000,1,3,1
926000,1,2,1
927000,1,3,1
928000,1,3,0
929000,1,3,1
930000,2,4,1
931000,3,4,1
932000,1,3,1
933000,2,4,1
934000,2,4,1
935000,1,4,1
936000,2,4,1
937000,3,4,1
938000,1,2,1
939000,1,3,1
940000,2,3,1
941000,1,4,1
942000,1,3,1
943000,2,4,0
944000,2,4,0
945000,1,3,1
946000,1,4,1
947000,1,3,1
948000,3,4,1
949000,2,4,0
950000,2,3,1
951000,2,3,1
952000,3,4,1
953000,1,2,1
954000,1,4,1
955000,1,4,1
956000,1,4,0
957000,1,3,0
958000,1,2,1
959000,1,3,0
960000,2,3,0
961000,1,4,1
962000,2,3,1
963000,2,4,1
964000,3,4,1
965000,1,3,1
966000,1,2,1
967000,3,4,1
968000,1,3,1
969000,1,3,1
970000,2,3,1
971000,2,4,0
972000,1,2,1
973000,2,4,0
974000,2,3,1
975000,2,4,1
976000,1,3,1
977000,2,4,1
978000,1,3,1
979000,1,4,1
980000,2,4,1
981000,2,4,1
982000,3,4,1
983000,1,3,1
984000,1,3,0
985000,3,4,1
986000,3,4,0
987000,2,4,1
988000,1,2,1
989000,2,3,1
990000,2,3,1
991000,3,4,1
992000,1,3,1
993000,1,3,1
994000,3,4,1
995000,1,4,0
996000,1,2,1
997000,1,4,0
998000,1,3,1
999000,2,4,0
1000000,3,4,1
1001000,1,3,1
1002000,2,4,1
1003000,1,3,1
1004000,1,2,1
1005000,1,4,1
1006000,3,4,1
1007000,3,4,1
1008000,1,4,1
1009000,3,4,1
1010000,1,4,0
1011000,1,3,0
1012000,3,4,1
1013000,3,4,1
1014000,2,4,0
1015000,2,3,1
1016000,1,3,1
1017000,1,2,1
1018000,1,4,1
1019000,2,4,0
1020000,1,4,1
1021000,2,4,0
1022000,1,3,1
1023000,1,2,1
1024000,1,2,1
1025000,3,4,0
1026000,1,2,1
1027000,1,2,1
1028000,3,4,1
1029000,1,3,1
1030000,1,2,1
1031000,3,4,1
1032000,1,4,1
1033000,2,3,1
1034000,2,4,1
1035000,3,4,1
1036000,3,4,1
1037000,1,3,0
1038000,1,2,0
1039000,2,3,1
1040000,1,3,1
1041000,1,2,1
1042000,1,3,1
1043000,2,4,1
1044000,1,4,0
1045000,2,3,1
1046000,1,3,0
1047000,1,3,0
1048000,1,2,0
1049000,2,4,1
1050000,1,2,1
1051000,3,4,1
1052000,1,4,1
1053000,2,3,0
1054000,1,3,1
1055000,2,4,0
1056000,3,4,1
1057000,3,4,1
1058000,2,4,0
1059000,3,4,0
1060000,2,4,0
1061000,3,4,1
1062000,2,4,0
1063000,2,3,0
1064000,2,4,0
1065000,1,3,1
1066000,1,2,1
1067000,1,3,1
1068000,3,4,0
1069000,3,4,0
1070000,1,4,1
1071000,1,3,1
1072000,1,4,1
1073000,2,3,1
1074000,2,3,1
1075000,1,2,1
1076000,1,4,1
1077000,2,3,1
1078000,2,4,1
1079000,2,4,1
1080000,1,3,0
1081000,2,3,1
1082000,1,4,0
1083000,2,3,1
1084000,2,4,1
1085000,2,4,1
1086000,1,3,0
1087000,2,3,1
1088000,1,4,1
1089000,2,3,1
1090000,2,3,1
1091000,2,3,1
1092000,1,3,1
1093000,3,4,1
1094000,1,3,1
1095000,1,4,0
1096000,1,3,0
1097000,2,4,1
1098000,3,4,1
1099000,2,3,1
1100000,1,4,0
1101000,1,4,0
1102000,2,4,1
1103000,1,3,1
1104000,1,2,1
1105000,1,3,1
1106000,1,2,1
1107000,1,3,1
1108000,2,3,1
1109000,1,2,1
1110000,2,4,1
1111000,1,4,1
1112000,2,4,1
1113000,1,4,1
1114000,2,3,1
1115000,3,4,1
1116000,1,2,1
1117000,1,4,0
1118000,3,4,1
1119000,3,4,1
1120000,1,3,1
1121000,1,3,1
1122000,1,2,1
1123000,1,2,1
1124000,1,3,0
1125000,2,3,1
1126000,2,4,0
1127000,2,3,1
1128000,1,4,1
1129000,1,2,1
1130000,1,2,0
1131000,2,3,1
1132000,1,3,1
1133000,3,4,1
1134000,1,4,1
1135000,3,4,1
1136000,1,2,1
1137000,1,3,1
1138000,3,4,1
1139000,3,4,0
1140000,2,3,1
1141000,2,4,0
1142000,3,4,0
1143000,3,4,0
1144000,2,4,1
1145000,2,3,1
1146000,1,3,1
1147000,2,3,1
1148000,3,4,1
1149000,2,3,1
1150000,2,4,0
1151000,1,2,1
1152000,2,3,0
1153000,1,4,0
1154000,2,3,1
1155000,1,4,1
1156000,1,4,1
1157000,1,2,1
1158000,2,4,0
1159000,2,3,0
1160000,2,3,0
1161000,1,2,1
1162000,1,2,0
1163000,2,3,1
1164000,1,2,1
1165000,1,2,1
1166000,1,4,0
1167000,1,4,1
1168000,3,4,1
1169000,1,4,0
1170000,2,3,1
1171000,3,4,1
1172000,1,4,1
1173000,1,2,1
1174000,2,3,1
1175000,2,4,1
1176000,2,3,0
1177000,1,2,1
1178000,2,3,1
1179000,2,3,1
1180000,1,4,0
1181000,3,4,1
1182000,3,4,1
1183000,1,3,1
1184000,3,4,1
1185000,2,3,0
1186000,3,4,1
1187000,3,4,1
1188000,1,4,1
1189000,1,4,1
1190000,3,4,1
1191000,3,4,1
1192000,1,4,1
1193000,2,4,1
1194000,2,4,1
1195000,1,4,1
1196000,3,4,1
1197000,1,2,1
1198000,2,3,1
1199000,1,2,1
1200000,1,2,1
1201000,3,4,1
1202000,1,2,0
1203000,3,4,1
1204000,1,2,1
1205000,1,2,1
1206000,1,3,0
1207000,1,2,1
1208000,1,2,1
1209000,1,3,0
1210000,3,4,1
1211000,3,4,1
1212000,1,4,0
1213000,2,4,1
1214000,1,2,1
1215000,1,4,1
1216000,3,4,1
1217000,1,3,1
1218000,1,2,1
1219000,2,3,1
1220000,3,4,1
1221000,3,4,1
1222000,2,3,1
1223000,3,4,1
1224000,1,2,1
1225000,1,2,1
1226000,2,4,1
1227000,2,3,1
1228000,1,2,1
1229000,3,4,1
1230000,2,3,1
1231000,3,4,1
1232000,1,4,1
1233000,2,4,1
1234000,2,3,1
1235000,2,4,1
1236000,3,4,1
1237000,1,2,0
1238000,1,2,1
1239000,1,3,1
1240000,1,4,1
1241000,2,4,0
1242000,3,4,1
1243000,3,4,1
1244000,1,2,1
1245000,3,4,1
1246000,1,4,1
1247000,1,2,1
1248000,1,3,1
1249000,2,3,1
1250000,1,4,1
1251000,1,2,1
1252000,2,3,0
1253000,1,2,1
1254000,3,4,1
1255000,1,4,1
1256000,2,3,1
1257000,2,3,1
1258000,1,4,1
1259000,1,2,1
1260000,2,4,0
1261000,1,4,1
1262000,2,4,0
1263000,2,3,1
1264000,2,3,1
1265000,1,2,1
1266000,3,4,1
1267000,1,2,0
1268000,3,4,1
1269000,1,4,1
1270000,1,2,1
1271000,1,3,1
1272000,2,4,1
1273000,3,4,1
1274000,1,4,0
1275000,1,2,1
1276000,1,2,1
1277000,1,2,1
1278000,1,4,0
1279000,1,4,1
1280000,1,3,1
1281000,2,4,1
1282000,1,3,1
1283000,1,4,1
1284000,2,4,1
1285000,1,3,1
1286000,1,2,1
1287000,1,2,1
1288000,2,3,1
1289000,1,3,1
1290000,1,4,1
1291000,2,3,1
1292000,2,4,1
1293000,2,3,1
1294000,2,3,0
1295000,1,3,0
1296000,3,4,1
1297000,1,3,1
1298000,2,3,1
1299000,1,4,1
1300000,1,3,0
1301000,3,4,1
1302000,2,4,0
1303000,2,3,1
1304000,2,3,1
1305000,3,4,1
1306000,1,4,1
1307000,1,2,1
1308000,2,3,1
1309000,1,2,0
1310000,1,3,0
1311000,2,3,1
1312000,1,3,1
1313000,1,3,1
1314000,2,4,1
1315000,1,2,0
1316000,3,4,1
1317000,2,4,1
1318000,1,3,1
1319000,1,3,1
1320000,1,2,0
1321000,1,2,1
1322000,1,2,1
1323000,2,3,1
1324000,1,3,1
1325000,1,4,1
1326000,2,3,1
1327000,1,3,1
1328000,1,3,1
1329000,3,4,1
1330000,2,3,1
1331000,1,3,1
1332000,3,4,1
1333000,1,2,1
1334000,2,4,1
1335000,2,3,1
1336000,2,4,1
1337000,2,4,1
1338000,3,4,1
1339000,1,4,1
1340000,3,4,1
1341000,1,2,1
1342000,1,2,1
1343000,2,3,1
1344000,3,4,1
1345000,2,4,1
1346000,2,4,1
1347000,2,3,1
1348000,2,3,1
1349000,3,4,1
1350000,2,3,1
1351000,2,3,1
1352000,1,3,1
1353000,2,4,1
1354000,2,3,0
1355000,2,3,1
1356000,2,4,1
1357000,2,4,0
1358000,2,3,1
1359000,1,2,1
1360000,1,4,0
1361000,1,2,1
1362000,2,3,0
1363000,1,4,1
1364000,2,4,0
1365000,1,3,1
1366000,2,3,1
1367000,2,3,1
1368000,1,4,1
1369000,1,4,1
1370000,1,3,1
1371000,1,4,1
1372000,1,2,1
1373000,1,2,1
1374000,1,2,1
1375000,3,4,1
1376000,3,4,1
1377000,2,3,1
1378000,1,4,1
1379000,1,3,1
1380000,3,4,1
1381000,2,4,1
1382000,1,3,1
1383000,2,4,1
1384000,2,3,0
1385000,2,4,1
1386000,1,3,1
1387000,1,3,1
1388000,3,4,1
1389000,2,4,1
1390000,1,3,1
1391000,1,3,1
1392000,1,3,1
1393000,2,4,1
1394000,1,3,1
1395000,2,3,1
1396000,2,4,1
1397000,3,4,1
1398000,1,2,1
1399000,1,2,1
1400000,1,4,0
1401000,2,3,1
1402000,2,4,1
1403000,1,3,0
1404000,1,3,0
1405000,2,4,1
1406000,1,3,1
1407000,2,3,1
1408000,1,2,1
1409000,1,2,1
1410000,3,4,1
1411000,1,4,1
1412000,1,3,1
1413000,1,4,1
1414000,1,3,1
1415000,1,3,1
1416000,1,3,1
1417000,1,3,1
1418000,1,2,1
1419000,1,3,1
1420000,2,4,1
1421000,3,4,1
1422000,1,3,0
1423000,1,3,1
1424000,1,2,1
1425000,1,3,1
1426000,1,2,1
1427000,1,4,1
1428000,1,3,0
1429000,3,4,1
1430000,3,4,1
1431000,2,3,0
1432000,2,4,1
1433000,2,4,1
1434000,3,4,1
1435000,2,4,0
1436000,2,3,1
1437000,2,3,1
1438000,2,3,1
1439000,1,4,0
1440000,2,4,1
1441000,1,3,0
1442000,1,2,0
1443000,2,4,1
1444000,1,2,1
1445000,1,4,1
1446000,1,2,1
1447000,3,4,1
1448000,3,4,1
1449000,1,4,0
1450000,1,3,0
1451000,3,4,1
1452000,1,3,0
1453000,3,4,1
1454000,1,4,0
1455000,1,2,0
1456000,1,3,0
1457000,1,2,0
1458000,1,4,0
1459000,2,4,1
1460000,1,3,1
1461000,2,4,1
1462000,1,3,1
1463000,1,2,1
1464000,1,2,1
1465000,1,3,0
1466000,2,4,1
1467000,1,3,0
1468000,2,3,1
1469000,1,3,1
1470000,1,4,1
1471000,3,4,1
1472000,2,3,1
1473000,1,4,1
1474000,2,3,1
1475000,3,4,1
1476000,1,4,1
1477000,1,3,1
1478000,1,2,1
1479000,1,2,0
1480000,1,2,1
1481000,1,2,1
1482000,2,3,0
1483000,2,3,1
1484000,1,3,1
1485000,3,4,1
1486000,1,4,1
1487000,1,3,1
1488000,1,2,0
1489000,3,4,1
1490000,1,2,1
1491000,2,4,0
1492000,3,4,1
1493000,2,3,1
1494000,1,3,1
1495000,1,2,1
1496000,1,4,1
1497000,1,2,1
1498000,2,4,1
1499000,1,2,1
1500000,2,4,1
1501000,1,4,1
1502000,1,3,0
1503000,1,2,0
1504000,1,3,0
1505000,1,3,1
1506000,1,4,1
1507000,1,3,1
1508000,1,3,1
1509000,2,3,1
1510000,2,4,0
1511000,1,2,1
1512000,2,3,1
1513000,1,3,1
1514000,1,2,1
1515000,2,3,1
1516000,1,2,1
1517000,1,2,1
1518000,2,3,1
1519000,2,4,1
1520000,1,4,1
1521000,2,4,1
1522000,1,4,1
1523000,3,4,1
1524000,2,3,1
1525000,1,2,1
1526000,3,4,1
1527000,3,4,1
1528000,1,4,1
1529000,1,2,0
1530000,1,2,1
1531000,3,4,0
1532000,1,2,1
1533000,1,3,1
1534000,1,2,1
1535000,1,3,1
1536000,2,4,1
1537000,1,2,1
1538000,1,4,1
1539000,2,4,1
1540000,3,4,1
1541000,3,4,1
1542000,2,4,1
1543000,1,3,1
1544000,1,4,1
1545000,2,4,0
1546000,1,3,1
1547000,1,2,1
1548000,1,3,0
1549000,2,3,1
1550000,1,2,0
1551000,1,2,1
1552000,3,4,1
1553000,2,3,1
1554000,3,4,0
1555000,1,4,1
1556000,1,2,1
1557000,2,4,1
1558000,1,3,1
1559000,3,4,1
1560000,3,4,1
1561000,1,4,0
1562000,1,3,0
1563000,1,3,1
1564000,1,4,1
1565000,1,2,1
1566000,1,2,1
1567000,2,3,1
1568000,1,3,1
1569000,2,3,1
1570000,2,3,1
1571000,1,2,1
1572000,2,4,1
1573000,3,4,0
1574000,2,4,1
1575000,3,4,1
1576000,3,4,1
1577000,2,4,1
1578000,1,3,0
1579000,1,2,1
1580000,1,4,1
1581000,2,3,1
1582000,2,4,1
1583000,1,2,1
1584000,3,4,1
1585000,2,4,1
1586000,2,3,1
1587000,2,4,1
1588000,3,4,1
1589000,2,4,1
1590000,2,4,0
1591000,1,2,1
1592000,3,4,1
1593000,2,4,1
1594000,3,4,1
1595000,1,3,1
1596000,1,2,1
1597000,2,4,1
1598000,2,3,1
1599000,1,2,1
1600000,1,2,1
1601000,1,3,1
1602000,1,2,1
1603000,1,3,0
1604000,2,4,1
1605000,2,4,1
1606000,2,4,1
1607000,1,3,1
1608000,1,4,1
1609000,3,4,1
1610000,1,2,1
1611000,2,3,1
1612000,2,4,1
1613000,2,3,0
1614000,2,4,0
1615000,1,2,1
1616000,1,2,1
1617000,1,4,0
1618000,1,3,1
1619000,2,4,0
1620000,2,4,0
1621000,2,3,1
1622000,2,3,1
1623000,1,4,1
1624000,1,3,1
1625000,3,4,1
1626000,2,4,0
1627000,1,3,1
1628000,1,3,1
1629000,1,2,1
1630000,1,4,1
1631000,3,4,1
1632000,2,3,1
1633000,1,2,1
1634000,1,4,0
1635000,3,4,1
1636000,1,2,1
1637000,2,4,1
1638000,2,3,0
1639000,2,4,1
1640000,1,3,0
1641000,1,3,1
1642000,1,2,1
1643000,1,3,0
1644000,1,4,1
1645000,3,4,1
1646000,1,2,1
1647000,1,2,1
1648000,1,3,1
1649000,1,2,0
1650000,2,3,1
1651000,1,2,1
1652000,2,4,0
1653000,1,4,1
1654000,2,3,0
1655000,1,4,1
1656000,2,4,1
1657000,2,3,1
1658000,2,3,1
1659000,1,2,1
1660000,2,3,1
1661000,1,3,1
1662000,3,4,1
1663000,1,2,1
1664000,1,2,1
1665000,1,2,0
1666000,2,4,1
1667000,1,4,0
1668000,1,4,1
1669000,2,4,1
1670000,1,4,1
1671000,1,2,1
1672000,1,4,0
1673000,1,2,1
1674000,3,4,0
1675000,1,2,1
1676000,1,4,0
1677000,2,3,1
1678000,2,4,0
1679000,2,3,0
1680000,3,4,1
1681000,2,4,0
1682000,2,4,0
1683000,1,4,1
1684000,1,2,1
1685000,1,2,1
1686000,1,4,1
1687000,2,4,0
1688000,2,4,0
1689000,2,4,0
1690000,2,4,0
1691000,2,4,1
1692000,1,2,1
1693000,1,2,1
1694000,1,4,1
1695000,1,2,1
1696000,2,3,1
1697000,1,3,1
1698000,3,4,1
1699000,3,4,1
1700000,2,3,1
1701000,1,2,1
1702000,3,4,1
1703000,2,3,1
1704000,1,2,1
1705000,2,4,1
1706000,2,4,1
1707000,2,4,0
1708000,2,4,1
1709000,2,3,1
1710000,2,3,1
1711000,2,4,1
1712000,1,4,0
1713000,2,3,1
1714000,1,3,1
1715000,1,3,1
1716000,2,4,0
1717000,2,4,1
1718000,1,2,1
1719000,1,2,1
1720000,2,4,1
1721000,1,2,1
1722000,1,2,1
1723000,2,4,0
1724000,3,4,0
1725000,3,4,0
1726000,1,4,0
1727000,3,4,1
1728000,2,3,1
1729000,3,4,1
1730000,1,2,1
1731000,3,4,1
1732000,1,4,1
1733000,1,2,1
1734000,2,3,1
1735000,2,3,1
1736000,1,3,1
1737000,1,3,1
1738000,2,3,1
1739000,1,3,1
1740000,3,4,1
1741000,1,2,1
1742000,1,2,1
1743000,2,4,1
1744000,2,3,1
1745000,1,4,1
1746000,1,2,1
1747000,2,3,1
1748000,1,3,1
1749000,2,3,1
1750000,1,2,1
1751000,2,3,1
1752000,2,4,1
1753000,3,4,0
1754000,2,3,1
1755000,3,4,1
1756000,1,3,1
1757000,2,3,1
1758000,1,4,0
1759000,2,4,1
1760000,1,4,1
1761000,2,4,0
1762000,1,4,1
1763000,1,2,1
1764000,3,4,0
1765000,1,2,1
1766000,1,3,1
1767000,2,4,0
1768000,2,3,1
1769000,2,3,1
1770000,1,2,1
1771000,2,3,1
1772000,1,3,1
1773000,2,4,1
1774000,2,4,1
1775000,1,3,1
1776000,1,4,0
1777000,2,3,1
1778000,2,3,0
1779000,2,3,1
1780000,1,3,1
1781000,2,3,1
1782000,1,2,0
1783000,1,3,1
1784000,3,4,1
1785000,1,4,1
1786000,1,4,0
1787000,2,4,1
1788000,2,3,1
1789000,1,4,1
1790000,2,3,1
1791000,3,4,1
1792000,3,4,1
1793000,2,3,1
1794000,2,4,1
1795000,1,4,0
1796000,1,3,0
1797000,1,3,1
1798000,1,4,1
1799000,1,2,1
1800000,1,2,0
1801000,2,3,1
1802000,2,4,1
1803000,2,4,1
1804000,2,4,1
1805000,1,3,1
1806000,2,4,1
1807000,1,2,1
1808000,1,2,1
1809000,1,4,0
1810000,1,2,1
1811000,2,3,1
1812000,2,3,1
1813000,1,2,1
1814000,1,2,1
1815000,2,4,1
1816000,2,4,1
1817000,2,4,1
1818000,1,4,1
1819000,1,4,1
1820000,3,4,0
1821000,2,4,1
1822000,3,4,1
1823000,2,3,1
1824000,1,4,1
1825000,2,4,1
1826000,1,2,1
1827000,2,3,1
1828000,2,4,1
1829000,3,4,1
1830000,2,3,1
1831000,1,4,1
1832000,3,4,1
1833000,2,4,0
1834000,3,4,1
1835000,1,3,0
1836000,1,4,1
1837000,3,4,1
1838000,2,3,1
1839000,2,4,1
1840000,2,3,1
1841000,2,3,1
1842000,1,2,1
1843000,1,2,1
1844000,3,4,1
1845000,3,4,1
1846000,1,3,1
1847000,1,4,1
1848000,3,4,1
1849000,3,4,1
1850000,1,3,0
1851000,1,2,0
1852000,2,4,1
1853000,1,4,1
1854000,1,3,1
1855000,1,3,1
1856000,3,4,1
1857000,1,3,1
1858000,1,4,0
1859000,2,4,1
1860000,1,2,1
1861000,1,2,1
1862000,2,4,1
1863000,1,2,0
1864000,2,3,0
1865000,2,4,1
1866000,3,4,1
1867000,1,2,0
1868000,1,3,1
1869000,1,2,1
1870000,1,4,0
1871000,1,2,1
1872000,1,2,1
1873000,1,2,1
1874000,2,3,1
1875000,2,3,1
1876000,3,4,1
1877000,3,4,1
1878000,2,3,1
1879000,1,3,1
1880000,2,3,0
1881000,3,4,1
1882000,1,4,1
1883000,1,2,1
1884000,1,3,1
1885000,2,4,1
1886000,2,4,1
1887000,3,4,1
1888000,1,4,1
1889000,2,3,1
1890000,1,3,0
1891000,1,2,1
1892000,1,4,1
1893000,2,3,1
1894000,1,2,1
1895000,1,2,1
1896000,1,2,1
1897000,1,4,1
1898000,1,4,1
1899000,1,4,1
1900000,1,2,1
1901000,3,4,1
1902000,3,4,1
1903000,1,3,1
1904000,1,4,1
1905000,2,4,1
1906000,2,4,1
1907000,1,3,0
1908000,3,4,1
1909000,2,3,1
1910000,1,4,1
1911000,3,4,1
1912000,2,4,0
1913000,2,3,1
1914000,1,3,1
1915000,2,3,1
1916000,1,3,0
1917000,1,4,0
1918000,1,2,1
1919000,1,2,1
1920000,2,3,1
1921000,2,4,1
1922000,1,4,0
1923000,2,3,1
1924000,1,4,0
1925000,1,3,1
1926000,1,3,1
1927000,2,4,1
1928000,1,3,0
1929000,3,4,1
1930000,1,4,0
1931000,1,2,0
1932000,2,3,1
1933000,1,3,0
1934000,2,3,1
1935000,2,3,1
1936000,1,3,1
1937000,3,4,0
1938000,1,2,1
1939000,2,3,1
1940000,1,4,1
1941000,2,4,0
1942000,1,4,1
1943000,2,3,1
1944000,1,2,1
1945000,1,3,1
1946000,2,3,1
1947000,3,4,1
1948000,3,4,1
1949000,3,4,1
1950000,1,2,1
1951000,1,2,1
1952000,1,2,1
1953000,2,4,0
1954000,3,4,1
1955000,3,4,1
1956000,2,4,1
1957000,1,4,1
1958000,1,3,1
1959000,1,4,1
1960000,3,4,1
1961000,2,3,1
1962000,1,2,1
1963000,1,4,1
1964000,1,2,1
1965000,2,3,0
1966000,1,3,1
1967000,1,4,1
1968000,1,4,1
1969000,1,4,1
1970000,1,2,1
1971000,1,4,0
1972000,2,3,1
1973000,1,4,0
1974000,1,3,1
1975000,2,4,1
1976000,1,3,1
1977000,1,4,1
1978000,2,4,1
1979000,1,3,1
1980000,2,4,0
1981000,2,4,1
1982000,3,4,1
1983000,1,4,1
1984000,1,2,1
1985000,1,3,1
1986000,1,3,0
1987000,1,3,0
1988000,1,4,1
1989000,2,4,1
1990000,1,3,1
1991000,1,3,1
1992000,3,4,1
1993000,3,4,1
1994000,1,2,1
1995000,1,2,1
1996000,1,2,1
1997000,1,3,1
1998000,3,4,0
1999000,1,4,1
2000000,1,3,1
2001000,2,4,1
2002000,1,2,1
2003000,3,4,1
2004000,1,4,1
2005000,2,3,1
2006000,1,3,1
2007000,2,4,1
2008000,1,2,0
2009000,1,2,1
2010000,3,4,1
2011000,1,3,1
2012000,2,4,1
2013000,2,3,1
2014000,1,2,1
2015000,1,2,1
2016000,1,3,1
2017000,3,4,1
2018000,2,4,1
2019000,1,3,1
2020000,2,4,1
2021000,1,2,1
2022000,1,4,1
2023000,1,2,1
2024000,2,4,1
2025000,1,2,1
2026000,1,2,1
2027000,1,2,0
2028000,1,3,1
2029000,3,4,1
2030000,1,3,1
2031000,1,4,1
2032000,1,2,1
2033000,1,4,1
2034000,2,4,1
2035000,3,4,1
2036000,2,3,1
2037000,1,2,1
2038000,1,2,1
2039000,1,2,1
2040000,1,4,0
2041000,1,4,0
2042000,1,4,0
2043000,1,3,1
2044000,1,4,1
2045000,2,4,0
2046000,1,2,1
2047000,1,3,1
2048000,2,4,1
2049000,1,2,1
2050000,1,2,1
2051000,2,4,1
2052000,1,3,0
2053000,1,3,0
2054000,1,3,0
2055000,1,4,0
2056000,2,4,1
2057000,1,4,0
2058000,3,4,1
2059000,1,3,0
2060000,3,4,1
2061000,1,3,0
2062000,1,4,0
2063000,3,4,1
2064000,1,4,0
2065000,1,2,1
2066000,1,2,1
2067000,1,2,0
2068000,3,4,1
2069000,1,4,0
2070000,1,2,0
2071000,3,4,1
2072000,2,3,1
2073000,1,3,0
2074000,1,2,1
2075000,1,2,1
2076000,2,4,1
2077000,1,3,1
2078000,2,3,1
2079000,1,2,1
2080000,2,3,1
2081000,3,4,1
2082000,1,2,1
2083000,3,4,1
2084000,1,4,0
2085000,3,4,1
2086000,1,4,1
2087000,2,4,0
2088000,1,3,1
2089000,1,3,1
2090000,3,4,1
2091000,2,3,0
2092000,1,2,1
2093000,3,4,1
2094000,2,4,1
2095000,2,3,1
2096000,1,3,1
2097000,1,3,1
2098000,2,4,1
2099000,2,3,1
2100000,1,3,0
2101000,1,2,1
2102000,1,3,0
2103000,2,4,1
2104000,3,4,1
2105000,1,4,0
2106000,1,2,1
2107000,1,3,1
2108000,2,3,1
2109000,1,4,0
2110000,3,4,1
2111000,1,2,1
2112000,1,4,1
2113000,1,4,1
2114000,3,4,1
2115000,2,3,0
2116000,2,3,1
2117000,2,3,1
2118000,2,4,1
2119000,1,4,1
2120000,1,4,0
2121000,2,4,1
2122000,2,3,1
2123000,2,3,1
2124000,3,4,1
2125000,1,2,1
2126000,1,4,0
2127000,3,4,1
2128000,1,4,1
2129000,2,3,1
2130000,2,4,1
2131000,1,3,1
2132000,1,2,1
2133000,2,3,0
2134000,1,3,1
2135000,1,3,1
2136000,2,4,1
2137000,1,2,1
2138000,1,3,0
2139000,2,4,1
2140000,3,4,1
2141000,2,3,1
2142000,3,4,0
2143000,3,4,1
2144000,1,2,1
2145000,3,4,1
2146000,2,3,1
2147000,2,3,1
2148000,2,4,0
2149000,2,4,0
2150000,3,4,0
2151000,2,4,0
2152000,1,4,1
2153000,1,4,1
2154000,3,4,0
2155000,2,3,1
2156000,2,3,1
2157000,1,2,1
2158000,1,3,1
2159000,1,4,1
2160000,3,4,1
2161000,1,2,1
2162000,1,4,0
2163000,1,3,1
2164000,2,3,1
2165000,1,3,1
2166000,3,4,0
2167000,1,2,1
2168000,1,4,0
2169000,1,4,0
2170000,2,3,1
2171000,2,3,0
2172000,1,2,1
2173000,1,4,0
2174000,2,3,1
2175000,2,4,1
2176000,1,2,1
2177000,2,3,1
2178000,1,3,1
2179000,3,4,1
2180000,1,4,1
2181000,2,3,1
2182000,1,2,1
2183000,2,3,1
2184000,3,4,1
2185000,1,4,1
2186000,3,4,1
2187000,3,4,1
2188000,3,4,1
2189000,1,4,1
2190000,3,4,1
2191000,1,4,0
2192000,1,4,0
2193000,2,3,1
2194000,1,2,1
2195000,3,4,0
2196000,2,3,1
2197000,2,4,0
2198000,1,3,1
2199000,1,3,0
2200000,1,3,1
2201000,1,3,1
2202000,2,3,0
2203000,1,2,1
2204000,2,3,0
2205000,2,3,0
2206000,1,4,0
2207000,3,4,1
2208000,2,4,1
2209000,2,3,1
2210000,1,4,1
2211000,2,4,1
2212000,1,3,0
2213000,2,3,1
2214000,1,2,1
2215000,3,4,0
2216000,3,4,1
2217000,1,3,1
2218000,1,2,1
2219000,1,3,1
2220000,3,4,1
2221000,3,4,1
2222000,2,4,1
2223000,1,4,1
2224000,1,4,1
2225000,1,4,0
2226000,1,3,1
2227000,1,2,1
2228000,1,4,1
2229000,1,2,1
2230000,1,3,1
2231000,3,4,1
2232000,1,2,1
2233000,2,4,1
2234000,1,4,1
2235000,1,3,1
2236000,2,4,1
2237000,2,3,1
2238000,1,2,1
2239000,1,2,1
2240000,1,3,0
2241000,1,3,0
2242000,2,4,1
2243000,2,4,1
2244000,3,4,1
2245000,1,4,0
2246000,1,4,0
2247000,1,3,1
2248000,2,4,0
2249000,1,4,1
2250000,1,2,1
2251000,2,4,1
2252000,1,4,1
2253000,1,4,1
2254000,3,4,0
2255000,2,3,1
2256000,2,4,0
2257000,1,2,1
2258000,1,3,0
2259000,1,4,1
2260000,2,3,1
2261000,2,3,1
2262000,2,4,1
2263000,1,3,1
2264000,1,2,1
2265000,3,4,1
2266000,2,3,1
2267000,1,4,0
2268000,3,4,0
2269000,2,3,1
2270000,2,4,0
2271000,2,4,1
2272000,1,4,1
2273000,3,4,1
2274000,1,3,1
2275000,1,3,1
2276000,1,4,0
2277000,1,4,1
2278000,1,3,1
2279000,1,4,1
2280000,2,3,1
2281000,1,2,1
2282000,3,4,1
2283000,1,4,1
2284000,2,4,0
2285000,2,3,1
2286000,1,4,1
2287000,1,3,1
2288000,3,4,1
2289000,3,4,0
2290000,1,2,1
2291000,1,2,1
2292000,2,4,0
2293000,3,4,1
2294000,1,4,1
2295000,1,2,1
2296000,2,4,1
2297000,1,3,0
2298000,3,4,1
2299000,1,4,0
2300000,2,3,0
2301000,1,2,0
2302000,1,2,1
2303000,1,3,0
2304000,1,3,1
2305000,1,2,1
2306000,2,4,1
2307000,2,3,1
2308000,2,3,1
2309000,1,4,0
2310000,2,4,1
2311000,1,2,1
2312000,1,3,1
2313000,1,2,1
2314000,1,3,0
2315000,1,2,0
2316000,2,4,1
2317000,1,4,1
2318000,3,4,1
2319000,2,4,1
2320000,1,4,0
2321000,3,4,1
2322000,1,3,1
2323000,2,3,1
2324000,1,3,1
2325000,1,4,1
2326000,1,3,1
2327000,2,4,1
2328000,1,2,1
2329000,1,4,1
2330000,2,4,1
2331000,2,4,0
2332000,2,3,1
2333000,2,3,1
2334000,3,4,1
2335000,1,3,1
2336000,1,4,1
2337000,1,2,0
2338000,1,2,0
2339000,3,4,1
2340000,1,3,1
2341000,2,3,1
2342000,2,4,0
2343000,1,2,1
2344000,3,4,1
2345000,1,4,0
2346000,2,3,1
2347000,2,3,1
2348000,1,4,0
2349000,3,4,1
2350000,2,4,1
2351000,1,3,0
2352000,2,3,0
2353000,2,4,1
2354000,1,4,1
2355000,2,4,1
2356000,2,3,1
2357000,1,4,1
2358000,2,3,1
2359000,1,4,1
2360000,1,2,1
2361000,1,4,1
2362000,2,4,1
2363000,1,3,1
2364000,1,4,1
2365000,2,3,0
2366000,2,3,0
2367000,2,4,1
2368000,1,3,1
2369000,2,3,1
2370000,1,2,1
2371000,2,3,1
2372000,1,4,1
2373000,2,3,1
2374000,1,3,0
2375000,1,3,0
2376000,3,4,1
2377000,2,4,1
2378000,1,3,1
2379000,1,2,1
2380000,1,2,1
2381000,1,2,1
2382000,2,4,0
2383000,3,4,0
2384000,2,4,1
2385000,2,3,1
2386000,2,4,1
2387000,2,3,1
2388000,1,4,1
2389000,3,4,1
2390000,2,4,1
2391000,1,2,1
2392000,1,2,1
2393000,3,4,1
2394000,1,4,0
2395000,3,4,1
2396000,3,4,1
2397000,3,4,1
2398000,1,4,0
2399000,1,4,0
2400000,1,3,0
2401000,3,4,1
2402000,2,3,1
2403000,2,3,1
2404000,2,4,1
2405000,2,3,1
2406000,1,3,0
2407000,2,4,1
2408000,1,3,0
2409000,1,4,1
2410000,1,3,1
2411000,2,4,1
2412000,1,4,1
2413000,1,3,1
2414000,1,3,1
2415000,1,4,0
2416000,1,3,1
2417000,2,4,0
2418000,2,4,0
2419000,1,2,1
2420000,1,2,0
2421000,1,4,0
2422000,1,3,0
2423000,2,3,1
2424000,1,4,0
2425000,1,3,1
2426000,1,4,1
2427000,3,4,1
2428000,1,2,1
2429000,1,2,0
2430000,1,3,1
2431000,2,4,1
2432000,2,4,0
2433000,1,3,1
2434000,1,4,0
2435000,2,3,1
2436000,1,3,1
2437000,1,4,0
2438000,1,2,1
2439000,1,2,1
2440000,1,3,1
2441000,3,4,0
2442000,1,2,1
2443000,2,3,1
2444000,1,2,1
2445000,2,4,1
2446000,2,4,1
2447000,1,3,1
2448000,2,3,1
2449000,2,4,1
2450000,1,4,1
2451000,1,4,1
2452000,1,3,1
2453000,2,4,1
2454000,2,3,1
2455000,1,2,1
2456000,2,3,1
2457000,1,4,0
2458000,2,4,1
2459000,2,4,1
2460000,1,4,0
2461000,1,2,0
2462000,3,4,1
2463000,2,3,1
2464000,2,4,1
2465000,1,4,0
2466000,1,2,0
2467000,1,2,0
2468000,2,4,1
2469000,2,4,1
2470000,2,3,1
2471000,3,4,1
2472000,2,3,1
2473000,3,4,1
2474000,1,3,1
2475000,1,4,1
2476000,2,3,1
2477000,1,4,1
2478000,2,3,0
2479000,2,4,1
2480000,3,4,1
2481000,2,3,1
2482000,1,2,1
2483000,3,4,0
2484000,1,4,0
2485000,2,3,1
2486000,3,4,1
2487000,1,2,1
2488000,1,4,0
2489000,2,3,1
2490000,2,3,1
2491000,3,4,1
2492000,3,4,1
2493000,2,4,0
2494000,1,3,0
2495000,1,4,0
2496000,2,3,0
2497000,2,4,0
2498000,2,3,1
2499000,1,2,1
2500000,1,4,1
2501000,2,4,0
2502000,2,3,1
2503000,3,4,0
2504000,1,2,1
2505000,1,3,1
2506000,1,3,1
2507000,3,4,1
2508000,2,3,1
2509000,2,3,1
2510000,3,4,1
2511000,3,4,0
2512000,2,3,1
2513000,2,3,1
2514000,1,4,1
2515000,2,4,1
2516000,2,3,1
2517000,2,4,0
2518000,1,3,1
2519000,3,4,1
2520000,3,4,1
2521000,2,3,1
2522000,1,2,0
2523000,3,4,1
2524000,1,4,0
2525000,2,4,1
2526000,3,4,1
2527000,1,4,0
2528000,1,3,0
2529000,1,2,0
2530000,1,3,0
2531000,1,3,1
2532000,2,3,1
2533000,1,3,1
2534000,3,4,1
2535000,1,2,1
2536000,1,3,1
2537000,2,3,1
2538000,1,2,1
2539000,3,4,1
2540000,3,4,1
2541000,2,4,1
2542000,1,4,0
2543000,2,4,1
2544000,1,3,1
2545000,1,2,1
2546000,2,4,1
2547000,2,3,1
2548000,1,4,1
2549000,1,3,0
2550000,1,4,0
2551000,2,4,0
2552000,3,4,1
2553000,1,4,1
2554000,3,4,1
2555000,1,3,1
2556000,2,3,0
2557000,1,2,1
2558000,1,4,0
2559000,1,4,0
2560000,1,4,0
2561000,3,4,1
2562000,1,4,0
2563000,1,4,0
2564000,3,4,1
2565000,2,4,0
2566000,2,4,0
2567000,2,3,1
2568000,1,4,0
2569000,3,4,1
2570000,2,3,1
2571000,1,4,1
2572000,2,3,1
2573000,3,4,1
2574000,2,3,1
2575000,1,4,1
2576000,2,3,1
2577000,1,2,1
2578000,2,3,1
2579000,2,3,1
2580000,1,2,1
2581000,1,4,1
2582000,2,4,1
2583000,3,4,1
2584000,2,3,1
2585000,3,4,1
2586000,1,3,1
2587000,1,4,0
2588000,2,3,1
2589000,1,4,0
2590000,3,4,1
2591000,1,2,1
2592000,2,4,0
2593000,1,3,1
2594000,2,3,1
2595000,1,3,1
2596000,3,4,1
2597000,2,3,1
2598000,1,3,0
2599000,1,4,0
2600000,2,4,1
2601000,1,3,1
2602000,3,4,0
2603000,1,2,1
2604000,1,3,1
2605000,2,4,0
2606000,1,3,0
2607000,2,3,0
2608000,1,2,0
2609000,1,3,1
2610000,1,3,1
2611000,1,2,1
2612000,1,3,0
2613000,1,3,0
2614000,2,3,1
2615000,1,3,1
2616000,3,4,1
2617000,2,3,1
2618000,2,3,1
2619000,2,4,1
2620000,2,4,1
2621000,1,2,0
2622000,2,4,1
2623000,2,4,1
2624000,1,2,1
2625000,1,2,1
2626000,3,4,1
2627000,2,4,1
2628000,2,4,1
2629000,2,4,1
2630000,2,3,1
2631000,2,3,1
2632000,2,3,1
2633000,1,2,1
2634000,2,3,0
2635000,1,3,0
2636000,2,3,1
2637000,1,3,1
2638000,2,4,1
2639000,2,3,1
2640000,2,3,1
2641000,1,3,1
2642000,1,2,1
2643000,2,4,0
2644000,2,3,1
2645000,2,4,0
2646000,2,3,1
2647000,2,4,0
2648000,2,3,1
2649000,3,4,0
2650000,2,3,1
2651000,2,3,1
2652000,2,4,0
2653000,1,3,1
2654000,3,4,1
2655000,1,2,1
2656000,1,2,1
2657000,1,3,0
2658000,2,3,0
2659000,1,2,1
2660000,1,4,0
2661000,2,3,1
2662000,3,4,1
2663000,2,4,1
2664000,3,4,1
2665000,3,4,1
2666000,3,4,1
2667000,2,4,1
2668000,3,4,1
2669000,1,3,0
2670000,3,4,0
2671000,1,2,0
2672000,2,4,1
2673000,2,3,1
2674000,1,4,0
2675000,3,4,1
2676000,1,3,1
2677000,2,3,1
2678000,1,2,1
2679000,2,3,1
2680000,2,4,0
2681000,1,4,0
2682000,2,3,0
2683000,3,4,1
2684000,3,4,1
2685000,2,3,1
2686000,1,3,1
2687000,2,4,1
2688000,1,2,1
2689000,2,4,0
2690000,1,4,1
2691000,1,2,1
2692000,1,2,1
2693000,2,4,1
2694000,2,4,1
2695000,2,3,1
2696000,2,3,1
2697000,2,3,1
2698000,2,3,1
2699000,1,2,1
2700000,3,4,1
2701000,1,2,1
2702000,1,3,1
2703000,2,3,1
2704000,1,4,1
2705000,1,4,0
2706000,2,4,1
2707000,2,4,1
2708000,2,4,1
2709000,1,2,0
2710000,1,4,1
2711000,1,3,1
2712000,3,4,1
2713000,1,3,1
2714000,3,4,1
2715000,1,4,1
2716000,2,3,1
2717000,1,3,0
2718000,2,4,1
2719000,2,4,0
2720000,2,4,0
2721000,2,4,1
2722000,1,4,1
2723000,1,2,0
2724000,3,4,1
2725000,1,4,0
2726000,1,3,1
2727000,2,4,1
2728000,1,4,0
2729000,1,2,1
2730000,1,4,1
2731000,3,4,0
2732000,2,4,1
2733000,3,4,1
2734000,1,2,1
2735000,2,4,1
2736000,3,4,0
2737000,2,3,1
2738000,2,3,1
2739000,3,4,0
2740000,2,4,0
2741000,1,2,1
2742000,2,3,1
2743000,1,3,1
2744000,1,2,1
2745000,2,4,1
2746000,2,3,1
2747000,1,3,0
2748000,3,4,1
2749000,2,4,0
2750000,3,4,1
2751000,2,3,1
2752000,2,4,1
2753000,3,4,1
2754000,2,4,1
2755000,1,2,1
2756000,2,3,1
2757000,1,2,1
2758000,2,4,0
2759000,2,3,1
2760000,1,4,1
2761000,1,3,1
2762000,1,2,0
2763000,3,4,1
2764000,1,4,0
2765000,1,3,0
2766000,1,3,0
2767000,2,3,1
2768000,2,3,1
2769000,2,3,1
2770000,1,3,1
2771000,2,4,1
2772000,2,4,1
2773000,1,3,1
2774000,1,2,1
2775000,3,4,1
2776000,2,3,1
2777000,2,3,1
2778000,2,3,0
2779000,1,4,1
2780000,2,3,0
2781000,1,3,1
2782000,3,4,1
2783000,2,4,1
2784000,3,4,1
2785000,1,4,0
2786000,3,4,1
2787000,3,4,1
2788000,1,3,1
2789000,2,4,0
2790000,3,4,1
2791000,2,4,1
2792000,2,3,1
2793000,3,4,1
2794000,1,3,1
2795000,1,3,1
2796000,1,4,1
2797000,2,3,1
2798000,2,4,1
2799000,1,2,1
2800000,3,4,1
2801000,1,3,1
2802000,1,4,1
2803000,3,4,1
2804000,1,4,1
2805000,3,4,1
2806000,1,4,1
2807000,3,4,1
2808000,2,3,1
2809000,2,4,1
2810000,2,4,1
2811000,1,2,1
2812000,1,4,0
2813000,2,3,1
2814000,1,4,0
2815000,1,4,1
2816000,2,3,1
2817000,1,4,1
2818000,1,3,0
2819000,1,4,1
2820000,1,2,1
2821000,1,2,0
2822000,1,4,1
2823000,1,2,1
2824000,1,3,1
2825000,1,2,1
2826000,1,2,1
2827000,2,4,1
2828000,2,3,1
2829000,2,4,1
2830000,3,4,0
2831000,1,3,1
2832000,2,3,0
2833000,1,3,1
2834000,3,4,0
2835000,2,3,1
2836000,3,4,1
2837000,2,3,1
2838000,2,3,1
2839000,1,3,1
2840000,2,4,1
2841000,2,3,0
2842000,1,2,1
2843000,2,4,1
2844000,1,4,0
2845000,3,4,1
2846000,1,3,0
2847000,1,3,1
2848000,1,2,1
2849000,1,4,0
2850000,1,2,0
2851000,1,2,1
2852000,1,3,1
2853000,2,4,0
2854000,2,4,1
2855000,1,2,1
2856000,2,3,0
2857000,1,2,1
2858000,2,4,1
2859000,2,4,0
2860000,3,4,1
2861000,1,2,1
2862000,1,3,1
2863000,2,4,0
2864000,2,4,1
2865000,1,4,1
2866000,1,2,0
2867000,1,2,0
2868000,2,3,1
2869000,2,3,0
2870000,1,4,0
2871000,2,3,1
2872000,3,4,1
2873000,2,3,1
2874000,1,3,0
2875000,2,4,1
2876000,2,3,1
2877000,2,3,1
2878000,1,3,1
2879000,3,4,0
2880000,1,3,1
2881000,1,4,0
2882000,2,3,1
2883000,2,3,1
2884000,2,4,0
2885000,2,3,0
2886000,2,3,1
2887000,1,2,1
2888000,3,4,1
2889000,3,4,1
2890000,1,2,1
2891000,1,4,0
2892000,2,3,1
2893000,1,2,1
2894000,2,3,1
2895000,1,4,1
2896000,2,4,1
2897000,1,4,1
2898000,1,3,1
2899000,2,4,0
2900000,1,2,1
2901000,3,4,1
2902000,1,2,1
2903000,3,4,1
2904000,2,3,0
2905000,3,4,1
2906000,2,4,1
2907000,3,4,1
2908000,2,4,1
2909000,2,3,1
2910000,2,4,1
2911000,2,3,1
2912000,1,3,0
2913000,3,4,1
2914000,1,2,1
2915000,2,3,1
2916000,1,4,1
2917000,1,4,1
2918000,1,4,1
2919000,1,4,1
2920000,1,2,1
2921000,1,3,1
2922000,1,4,0
2923000,2,4,1
2924000,2,4,1
2925000,1,4,0
2926000,3,4,1
2927000,3,4,1
2928000,3,4,1
2929000,2,4,1
2930000,2,4,1
2931000,2,4,1
2932000,1,4,0
2933000,1,4,0
2934000,2,4,1
2935000,1,2,1
2936000,2,4,1
2937000,1,3,1
2938000,3,4,1
2939000,1,4,1
2940000,1,2,1
2941000,2,4,1
2942000,2,4,1
2943000,1,4,1
2944000,1,3,1
2945000,1,4,1
2946000,2,4,1
2947000,2,4,1
2948000,1,2,1
2949000,1,3,1
2950000,2,3,1
2951000,2,4,1
2952000,1,4,1
2953000,3,4,1
2954000,2,4,1
2955000,1,3,0
2956000,3,4,1
2957000,2,3,1
2958000,1,2,1
2959000,2,4,1
2960000,2,4,1
2961000,2,3,1
2962000,1,2,1
2963000,3,4,1
2964000,2,3,0
2965000,2,4,1
2966000,1,4,1
2967000,3,4,1
2968000,3,4,1
2969000,1,4,1
2970000,2,4,1
2971000,1,4,1
2972000,1,3,1
2973000,3,4,1
2974000,1,2,1
2975000,1,2,1
2976000,1,3,1
2977000,1,4,0
2978000,2,3,0
2979000,1,3,1
2980000,3,4,1
2981000,2,4,1
2982000,2,3,1
2983000,2,4,1
2984000,2,4,1
2985000,3,4,1
2986000,1,4,1
2987000,2,3,1
2988000,1,4,0
2989000,1,4,0
2990000,1,4,0
2991000,2,4,1
2992000,3,4,1
2993000,1,2,0
2994000,1,4,1
2995000,3,4,1
2996000,2,3,1
2997000,1,4,1
2998000,2,4,1
2999000,1,3,0
3000000,2,3,1
3001000,1,4,0
3002000,3,4,1
3003000,1,3,1
3004000,2,3,1
3005000,1,3,1
3006000,3,4,1
3007000,1,2,1
3008000,1,4,1
3009000,2,3,1
3010000,2,4,1
3011000,1,3,0
3012000,1,2,1
3013000,1,3,1
3014000,1,4,1
3015000,1,3,1
3016000,2,3,1
3017000,1,3,0
3018000,1,2,0
3019000,3,4,1
3020000,2,3,1
3021000,2,4,1
3022000,2,4,0
3023000,1,2,1
3024000,3,4,1
3025000,2,3,0
3026000,2,3,0
3027000,1,4,0
3028000,1,4,0
3029000,2,4,1
3030000,1,4,1
3031000,1,4,0
3032000,1,3,1
3033000,2,4,1
3034000,2,4,0
3035000,1,4,0
3036000,1,4,1
3037000,1,4,1
3038000,1,2,1
3039000,1,2,1
3040000,1,3,1
3041000,1,3,0
3042000,2,4,1
3043000,1,2,1
3044000,2,4,0
3045000,1,4,1
3046000,3,4,1
3047000,2,3,1
3048000,2,4,1
3049000,1,4,0
3050000,3,4,0
3051000,3,4,0
3052000,1,4,0
3053000,1,2,1
3054000,2,3,1
3055000,2,4,1
3056000,1,2,1
3057000,1,2,1
3058000,1,2,1
3059000,3,4,1
3060000,1,4,1
3061000,1,4,0
3062000,2,3,1
3063000,1,2,1
3064000,2,4,0
3065000,1,3,0
3066000,1,4,0
3067000,1,4,0
3068000,1,2,1
3069000,1,2,1
3070000,1,3,1
3071000,3,4,1
3072000,1,3,1
3073000,1,2,1
3074000,1,2,1
3075000,2,3,0
3076000,1,3,1
3077000,1,2,1
3078000,1,3,0
3079000,2,4,1
3080000,2,4,1
3081000,3,4,1
3082000,1,2,1
3083000,1,2,1
3084000,2,4,1
3085000,2,4,1
3086000,1,3,0
3087000,3,4,1
3088000,2,3,1
3089000,1,2,1
3090000,1,2,1
3091000,2,3,1
3092000,3,4,1
3093000,2,3,1
3094000,3,4,1
3095000,1,4,0
3096000,1,2,1
3097000,1,3,1
3098000,3,4,0
3099000,2,3,1
3100000,2,3,1
3101000,3,4,1
3102000,1,3,1
3103000,3,4,1
3104000,1,4,1
3105000,2,3,1
3106000,2,4,0
3107000,1,2,1
3108000,1,4,0
3109000,1,4,0
3110000,2,3,1
3111000,2,4,1
3112000,1,3,0
3113000,3,4,1
3114000,1,2,1
3115000,1,4,1
3116000,2,3,1
3117000,3,4,0
3118000,2,3,1
3119000,1,3,1
3120000,1,4,0
3121000,1,2,1
3122000,2,4,0
3123000,1,4,0
3124000,3,4,1
3125000,1,2,1
3126000,3,4,1
3127000,1,3,0
3128000,2,3,1
3129000,3,4,1
3130000,2,4,1
3131000,1,2,1
3132000,1,3,0
3133000,1,4,0
3134000,2,3,0
3135000,1,4,0
3136000,1,4,1
3137000,3,4,1
3138000,1,2,1
3139000,1,4,0
3140000,3,4,0
3141000,1,4,0
3142000,1,2,0
3143000,1,3,1
3144000,2,3,1
3145000,3,4,1
3146000,3,4,1
3147000,1,3,0
3148000,2,3,1
3149000,2,3,1
3150000,1,3,1
3151000,1,2,1
3152000,1,3,1
3153000,2,3,1
3154000,3,4,1
3155000,1,3,0
3156000,1,2,1
3157000,1,2,1
3158000,2,3,1
3159000,2,3,1
3160000,3,4,0
3161000,1,3,1
3162000,1,4,1
3163000,3,4,1
3164000,1,4,1
3165000,1,2,1
3166000,1,4,0
3167000,2,4,0
3168000,1,3,0
3169000,1,3,0
3170000,2,4,0
3171000,1,3,1
3172000,3,4,0
3173000,1,2,1
3174000,1,4,0
3175000,2,3,1
3176000,1,4,0
3177000,2,4,0
3178000,2,4,1
3179000,3,4,1
3180000,1,4,0
3181000,1,4,0
3182000,1,2,1
3183000,1,2,1
3184000,1,3,1
3185000,2,4,0
3186000,3,4,1
3187000,3,4,1
3188000,1,4,0
3189000,1,4,0
3190000,1,4,0
3191000,2,4,1
3192000,2,4,1
3193000,1,2,1
3194000,2,4,0
3195000,1,3,1
3196000,2,4,1
3197000,1,3,0
3198000,2,4,1
3199000,3,4,1
3200000,3,4,1
3201000,1,4,0
3202000,1,4,0
3203000,2,3,0
3204000,2,4,1
3205000,3,4,1
3206000,3,4,0
3207000,3,4,0
3208000,1,2,0
3209000,1,3,1
3210000,1,3,1
3211000,1,4,1
3212000,1,2,1
3213000,1,4,1
3214000,1,3,1
3215000,1,4,0
3216000,1,3,1
3217000,2,4,1
3218000,1,3,1
3219000,2,3,1
3220000,2,3,0
3221000,2,3,0
3222000,2,3,1
3223000,1,3,1
3224000,2,4,1
3225000,2,4,0
3226000,2,4,0
3227000,2,4,0
3228000,3,4,1
3229000,2,4,1
3230000,2,3,1
3231000,1,3,1
3232000,2,4,1
3233000,1,2,0
3234000,2,4,0
3235000,2,3,1
3236000,1,4,0
3237000,2,3,0
3238000,1,4,0
3239000,1,2,1
3240000,2,3,0
3241000,2,4,0
3242000,1,3,1
3243000,2,3,0
3244000,2,4,0
3245000,1,2,1
3246000,2,3,1
3247000,1,3,0
3248000,1,2,1
3249000,2,3,1
3250000,2,3,1
3251000,1,3,0
3252000,1,2,1
3253000,2,3,1
3254000,1,2,1
3255000,1,4,1
3256000,1,3,1
3257000,2,3,0
3258000,3,4,1
3259000,2,4,0
3260000,1,3,0
3261000,2,4,0
3262000,2,3,0
3263000,1,3,1
3264000,3,4,1
3265000,1,2,1
3266000,2,4,1
3267000,1,4,0
3268000,1,2,1
3269000,1,4,0
3270000,1,2,1
3271000,3,4,1
3272000,1,3,0
3273000,1,3,0
3274000,2,4,0
3275000,1,2,1
3276000,1,2,1
3277000,1,4,0
3278000,1,2,1
3279000,2,4,0
3280000,1,3,0
3281000,3,4,1
3282000,1,3,0
3283000,1,4,0
3284000,2,4,0
3285000,3,4,1
3286000,1,2,1
3287000,2,3,0
3288000,2,4,1
3289000,1,4,1
3290000,1,4,1
3291000,1,3,1
3292000,2,4,1
3293000,3,4,0
3294000,1,2,1
3295000,2,4,1
3296000,3,4,1
3297000,2,4,1
3298000,1,2,1
3299000,2,3,0
3300000,1,2,1
3301000,1,3,0
3302000,1,2,1
3303000,2,4,1
3304000,1,3,0
3305000,1,3,1
3306000,1,4,1
3307000,1,3,1
3308000,2,4,1
3309000,1,2,1
3310000,3,4,0
3311000,2,4,0
3312000,2,4,1
3313000,2,3,1
3314000,3,4,1
3315000,2,3,1
3316000,2,4,0
3317000,1,3,1
3318000,2,3,1
3319000,1,2,1
3320000,3,4,1
3321000,3,4,1
3322000,3,4,1
3323000,1,2,1
3324000,1,3,0
3325000,1,3,0
3326000,2,3,1
3327000,1,3,0
3328000,1,3,0
3329000,3,4,1
3330000,1,2,0
3331000,3,4,1
3332000,3,4,1
3333000,2,3,1
3334000,3,4,1
3335000,1,2,1
3336000,1,4,1
3337000,2,4,1
3338000,1,3,1
3339000,2,3,1
3340000,2,3,1
3341000,1,3,1
3342000,3,4,1
3343000,3,4,1
3344000,2,4,1
3345000,1,3,1
3346000,1,4,1
3347000,1,4,1
3348000,1,3,1
3349000,2,4,1
3350000,1,3,1
3351000,2,3,1
3352000,2,3,1
3353000,2,3,1
3354000,3,4,1
3355000,3,4,0
3356000,1,2,1
3357000,2,3,1
3358000,3,4,1
3359000,2,3,1
3360000,3,4,1
3361000,1,3,1
3362000,2,3,0
3363000,1,2,1
3364000,1,4,1
3365000,3,4,1
3366000,2,3,1
3367000,1,2,1
3368000,2,3,0
3369000,1,4,0
3370000,3,4,1
3371000,1,4,1
3372000,1,3,1
3373000,1,3,1
3374000,2,3,1
3375000,2,3,1
3376000,1,4,1
3377000,1,3,0
3378000,2,4,1
3379000,3,4,1
3380000,1,4,0
3381000,2,4,1
3382000,1,3,1
3383000,1,4,1
3384000,1,3,1
3385000,2,4,1
3386000,2,4,1
3387000,1,2,0
3388000,3,4,1
3389000,2,4,1
3390000,1,3,1
3391000,3,4,1
3392000,1,4,1
3393000,3,4,1
3394000,1,2,1
3395000,3,4,0
3396000,1,4,1
3397000,1,2,1
3398000,3,4,1
3399000,1,2,0
3400000,3,4,1
3401000,3,4,0
3402000,1,2,1
3403000,2,3,1
3404000,1,3,1
3405000,1,3,0
3406000,3,4,1
3407000,1,4,0
3408000,1,2,1
3409000,1,2,1
3410000,2,3,0
3411000,3,4,1
3412000,2,4,0
3413000,2,3,0
3414000,3,4,1
3415000,1,3,0
3416000,1,4,0
3417000,2,4,0
3418000,1,4,0
3419000,1,4,0
3420000,3,4,0
3421000,2,3,1
3422000,2,4,1
3423000,3,4,1
3424000,1,2,1
3425000,2,4,1
3426000,2,4,1
3427000,2,3,0
3428000,1,2,1
3429000,1,4,1
3430000,1,2,1
3431000,2,4,1
3432000,1,2,1
3433000,3,4,1
3434000,3,4,0
3435000,3,4,1
3436000,3,4,1
3437000,1,3,1
3438000,2,4,1
3439000,1,4,0
3440000,1,2,1
3441000,2,4,0
3442000,1,3,1
3443000,1,4,0
3444000,3,4,0
3445000,3,4,1
3446000,1,4,0
3447000,1,2,0
3448000,2,4,1
3449000,3,4,1
3450000,2,3,1
3451000,1,3,1
3452000,1,4,0
3453000,1,3,1
3454000,3,4,0
3455000,3,4,1
3456000,2,4,0
3457000,2,4,1
3458000,1,3,0
3459000,1,3,1
3460000,1,3,1
3461000,1,2,1
3462000,1,3,1
3463000,2,4,1
3464000,1,4,1
3465000,1,3,1
3466000,1,4,0
3467000,2,4,0
3468000,3,4,0
3469000,2,4,1
3470000,1,2,1
3471000,3,4,1
3472000,2,4,1
3473000,2,4,0
3474000,1,2,1
3475000,1,2,0
3476000,2,4,1
3477000,2,3,1
3478000,3,4,1
3479000,1,2,0
3480000,2,4,1
3481000,1,4,1
3482000,1,3,0
3483000,1,2,0
3484000,1,3,0
3485000,1,2,1
3486000,2,4,0
3487000,3,4,1
3488000,1,2,1
3489000,1,3,1
3490000,2,3,1
3491000,1,3,1
3492000,3,4,0
3493000,2,4,0
3494000,2,3,1
3495000,1,4,0
3496000,2,3,1
3497000,3,4,1
3498000,2,4,1
3499000,3,4,1
3500000,3,4,1
3501000,3,4,1
3502000,2,4,0
3503000,1,4,1
3504000,2,4,1
3505000,2,3,1
3506000,3,4,1
3507000,1,3,1
3508000,3,4,1
3509000,2,3,1
3510000,2,4,1
3511000,2,4,1
3512000,3,4,1
3513000,1,2,1
3514000,2,4,1
3515000,2,3,0
3516000,1,3,1
3517000,1,2,1
3518000,1,3,1
3519000,2,3,1
3520000,1,4,1
3521000,2,3,1
3522000,1,3,1
3523000,1,2,0
3524000,3,4,0
3525000,2,4,1
3526000,3,4,1
3527000,1,3,1
3528000,1,4,1
3529000,1,2,0
3530000,1,4,0
3531000,1,4,0
3532000,2,3,1
3533000,2,3,1
3534000,2,3,1
3535000,1,3,0
3536000,3,4,1
3537000,1,4,0
3538000,1,2,1
3539000,1,4,1
3540000,3,4,1
3541000,1,3,1
3542000,2,4,0
3543000,1,2,1
3544000,1,4,1
3545000,2,4,1
3546000,1,3,1
3547000,3,4,1
3548000,1,2,1
3549000,3,4,0
3550000,1,3,1
3551000,2,3,1
3552000,1,3,1
3553000,2,3,1
3554000,1,3,1
3555000,1,2,1
3556000,1,4,0
3557000,1,3,0
3558000,2,3,0
3559000,2,4,0
3560000,1,2,1
3561000,1,3,1
3562000,3,4,1
3563000,1,2,1
3564000,1,3,0
3565000,2,3,1
3566000,2,4,1
3567000,2,3,1
3568000,2,3,1
3569000,3,4,1
3570000,1,4,0
3571000,3,4,1
3572000,3,4,1
3573000,1,2,1
3574000,2,3,1
3575000,1,3,1
3576000,1,4,0
3577000,1,2,1
3578000,1,2,1
3579000,2,4,1
3580000,1,3,1
3581000,2,3,1
3582000,3,4,1
3583000,2,4,0
3584000,1,2,1
3585000,1,4,1
3586000,2,4,1
3587000,1,2,1
3588000,1,2,0
3589000,2,4,1
3590000,1,3,0
3591000,2,3,1
3592000,2,4,1
3593000,2,4,1
3594000,1,2,1
3595000,2,4,0
3596000,1,4,1
3597000,1,3,1
3598000,3,4,1
3599000,1,3,1
3600000,1,3,1
3601000,2,3,1
3602000,2,4,1
3603000,3,4,0
3604000,2,4,1
3605000,1,4,0
3606000,1,3,1
3607000,3,4,0
3608000,2,3,1
3609000,1,2,1
3610000,1,2,1
3611000,1,2,1
3612000,2,4,1
3613000,1,2,1
3614000,2,3,1
3615000,3,4,1
3616000,2,4,1
3617000,1,3,1
3618000,3,4,1
3619000,1,3,1
3620000,3,4,1
3621000,1,4,1
3622000,2,4,1
3623000,2,3,1
3624000,3,4,1
3625000,2,3,1
3626000,3,4,1
3627000,3,4,1
3628000,3,4,1
3629000,3,4,1
3630000,2,3,1
3631000,1,3,1
3632000,1,4,0
3633000,2,3,1
3634000,3,4,1
3635000,3,4,1
3636000,1,2,1
3637000,2,3,1
3638000,1,2,1
3639000,1,3,1
3640000,2,4,0
3641000,2,4,1
3642000,1,3,1
3643000,2,4,1
3644000,2,4,1
3645000,2,4,1
3646000,1,2,1
3647000,1,3,1
3648000,2,4,1
3649000,3,4,1
3650000,1,2,1
3651000,3,4,1
3652000,2,3,1
3653000,2,4,1
3654000,2,4,1
3655000,1,3,1
3656000,3,4,1
3657000,1,4,0
3658000,3,4,1
3659000,1,4,1
3660000,1,4,1
3661000,1,2,1
3662000,3,4,1
3663000,1,2,1
3664000,1,4,1
3665000,3,4,1
3666000,1,3,1
3667000,1,2,1
3668000,3,4,1
3669000,1,3,0
3670000,3,4,1
3671000,1,2,1
3672000,2,3,0
3673000,3,4,1
3674000,1,3,1
3675000,2,4,1
3676000,2,3,1
3677000,1,2,1
3678000,1,3,0
3679000,2,4,1
3680000,1,2,1
3681000,2,3,1
3682000,3,4,1
3683000,2,4,1
3684000,2,4,0
3685000,2,4,0
3686000,3,4,1
3687000,1,4,0
3688000,2,4,0
3689000,1,4,0
3690000,1,2,1
3691000,3,4,1
3692000,3,4,1
3693000,2,4,0
3694000,1,3,0
3695000,2,4,0
3696000,3,4,1
3697000,3,4,1
3698000,2,4,0
3699000,2,3,0
3700000,1,4,0
3701000,3,4,1
3702000,2,3,0
3703000,1,3,1
3704000,3,4,1
3705000,1,4,1
3706000,2,4,0
3707000,1,2,1
3708000,1,4,0
3709000,1,3,0
3710000,1,2,1
3711000,2,4,0
3712000,1,4,0
3713000,1,2,1
3714000,2,4,0
3715000,3,4,1
3716000,1,2,0
3717000,3,4,1
3718000,1,2,1
3719000,3,4,1
3720000,1,3,1
3721000,1,4,1
3722000,2,3,1
3723000,1,2,1
3724000,1,2,1
3725000,1,3,1
3726000,2,4,0
3727000,2,3,1
3728000,2,4,1
3729000,1,2,1
3730000,1,4,1
3731000,1,3,1
3732000,1,4,0
3733000,2,3,1
3734000,1,4,0
3735000,2,4,1
3736000,2,3,1
3737000,2,3,0
3738000,2,4,0
3739000,1,3,1
3740000,2,3,1
3741000,2,4,0
3742000,1,4,0
3743000,2,4,1
3744000,3,4,1
3745000,1,2,1
3746000,1,2,1
3747000,1,4,1
3748000,2,4,1
3749000,1,3,1
3750000,1,3,1
3751000,2,3,1
3752000,3,4,1
3753000,2,3,0
3754000,1,4,0
3755000,2,4,0
3756000,2,3,1
3757000,3,4,1
3758000,3,4,1
3759000,3,4,1
3760000,1,3,0
3761000,1,2,1
3762000,2,4,1
3763000,2,3,1
3764000,1,2,1
3765000,2,3,1
3766000,3,4,1
3767000,2,4,1
3768000,3,4,1
3769000,3,4,1
3770000,3,4,1
3771000,1,3,1
3772000,1,2,0
3773000,3,4,1
3774000,1,4,0
3775000,1,4,0
3776000,1,4,0
3777000,1,2,1
3778000,1,4,1
3779000,1,4,1
3780000,2,4,0
3781000,1,3,1
3782000,2,3,1
3783000,2,4,1
3784000,1,2,1
3785000,1,3,1
3786000,1,3,0
3787000,1,2,1
3788000,2,4,1
3789000,3,4,1
3790000,1,2,1
3791000,2,3,1
3792000,3,4,0
3793000,1,4,1
3794000,1,3,1
3795000,2,4,0
3796000,2,4,0
3797000,1,2,1
3798000,1,3,1
3799000,2,4,1
3800000,3,4,1
3801000,2,3,1
3802000,1,3,1
3803000,3,4,1
3804000,1,2,1
3805000,1,2,0
3806000,2,3,1
3807000,2,3,0
3808000,3,4,1
3809000,3,4,1
3810000,1,2,1
3811000,1,3,0
3812000,2,3,0
3813000,1,3,0
3814000,1,2,1
3815000,2,3,1
3816000,2,4,1
3817000,2,4,0
3818000,2,3,1
3819000,1,4,0
3820000,2,4,1
3821000,2,4,1
3822000,2,3,1
3823000,1,3,1
3824000,1,2,1
3825000,1,3,1
3826000,1,3,0
3827000,2,3,1
3828000,2,4,1
3829000,2,3,1
3830000,1,2,1
3831000,2,4,1
3832000,3,4,1
3833000,1,3,1
3834000,3,4,0
3835000,2,4,1
3836000,3,4,0
3837000,2,3,1
3838000,2,4,0
3839000,2,4,0
3840000,1,3,1
3841000,2,4,0
3842000,1,4,1
3843000,1,2,1
3844000,1,3,1
3845000,2,4,1
3846000,2,3,1
3847000,2,4,0
3848000,1,3,0
3849000,1,4,1
3850000,1,4,1
3851000,3,4,1
3852000,1,2,1
3853000,2,3,0
3854000,1,2,1
3855000,2,4,1
3856000,2,3,1
3857000,1,2,1
3858000,1,4,1
3859000,1,2,1
3860000,1,4,0
3861000,1,3,0
3862000,2,4,1
3863000,3,4,1
3864000,1,2,0
3865000,3,4,0
3866000,3,4,1
3867000,1,2,0
3868000,1,3,0
3869000,3,4,1
3870000,1,3,1
3871000,2,4,1
3872000,1,3,1
3873000,2,4,1
3874000,3,4,1
3875000,1,4,1
3876000,3,4,1
3877000,1,2,1
3878000,2,3,1
3879000,3,4,0
3880000,1,2,1
3881000,3,4,0
3882000,1,2,0
3883000,1,3,0
3884000,2,3,1
3885000,1,3,1
3886000,2,4,0
3887000,1,4,1
3888000,1,3,1
3889000,1,3,1
3890000,2,3,1
3891000,1,4,1
3892000,2,4,1
3893000,3,4,1
3894000,3,4,1
3895000,3,4,1
3896000,3,4,1
3897000,2,3,1
3898000,1,4,1
3899000,1,2,0
3900000,2,4,1
3901000,2,3,1
3902000,2,4,1
3903000,2,4,0
3904000,1,4,0
3905000,1,2,1
3906000,3,4,1
3907000,2,3,0
3908000,2,4,0
3909000,1,4,0
3910000,1,2,1
3911000,1,3,1
3912000,2,3,1
3913000,2,3,1
3914000,2,4,1
3915000,1,4,1
3916000,3,4,1
3917000,2,4,1
3918000,2,3,1
3919000,2,3,1
3920000,2,3,1
3921000,1,2,1
3922000,1,2,1
3923000,1,3,1
3924000,1,2,0
3925000,1,3,1
3926000,2,3,1
3927000,1,4,0
3928000,1,4,0
3929000,1,3,0
3930000,2,4,0
3931000,1,4,0
3932000,1,2,1
3933000,2,4,1
3934000,2,4,1
3935000,2,4,1
3936000,1,2,1
3937000,3,4,1
3938000,2,4,0
3939000,1,2,1
3940000,3,4,1
3941000,1,2,1
3942000,1,2,1
3943000,3,4,1
3944000,1,3,1
3945000,1,4,0
3946000,1,4,0
3947000,1,3,1
3948000,3,4,1
3949000,2,3,1
3950000,3,4,1
3951000,1,2,1
3952000,3,4,0
3953000,1,2,1
3954000,1,3,1
3955000,1,3,1
3956000,1,4,0
3957000,3,4,0
3958000,2,3,1
3959000,2,3,1
3960000,3,4,0
3961000,1,4,0
3962000,2,3,1
3963000,2,4,1
3964000,1,2,1
3965000,1,4,1
3966000,2,4,1
3967000,1,4,1
3968000,2,4,1
3969000,3,4,1
3970000,1,3,0
3971000,1,3,0
3972000,1,4,0
3973000,1,3,0
3974000,2,4,1
3975000,2,3,1
3976000,1,3,0
3977000,1,4,1
3978000,1,2,1
3979000,1,2,1
3980000,1,2,1
3981000,2,3,0
3982000,1,3,1
3983000,3,4,1
3984000,1,2,1
3985000,1,2,1
3986000,1,3,1
3987000,1,4,0
3988000,2,4,0
3989000,2,3,1
3990000,1,2,0
3991000,2,3,1
3992000,1,4,1
3993000,1,2,1
3994000,1,2,0
3995000,3,4,1
3996000,3,4,0
3997000,3,4,1
3998000,1,4,1
3999000,2,4,1
4000000,2,3,1
4001000,1,4,0
4002000,1,4,0
4003000,1,2,0
4004000,1,3,1
4005000,1,4,1
4006000,2,4,1
4007000,2,4,0
4008000,1,2,1
4009000,1,3,1
4010000,1,2,1
4011000,2,3,1
4012000,1,3,1
4013000,1,3,1
4014000,2,4,1
4015000,1,4,1
4016000,1,2,1
4017000,2,4,0
4018000,1,3,1
4019000,1,3,0
4020000,1,2,1
4021000,2,3,0
4022000,1,3,1
4023000,1,4,1
4024000,2,4,0
4025000,1,2,1
4026000,1,4,0
4027000,1,2,1
4028000,2,4,1
4029000,1,3,1
4030000,2,3,1
4031000,1,2,1
4032000,2,4,1
4033000,1,3,1
4034000,1,2,1
4035000,1,3,0
4036000,2,4,1
4037000,1,4,0
4038000,2,4,0
4039000,1,3,0
4040000,1,2,1
4041000,1,2,1
4042000,2,3,0
4043000,2,3,1
4044000,3,4,0
4045000,3,4,1
4046000,1,2,1
4047000,3,4,1
4048000,2,4,0
4049000,2,3,0
4050000,1,2,1
4051000,2,4,1
4052000,3,4,1
4053000,1,4,1
4054000,1,4,1
4055000,1,3,0
4056000,2,4,1
4057000,1,4,0
4058000,3,4,1
4059000,2,4,1
4060000,1,2,1
4061000,2,4,1
4062000,1,4,1
4063000,3,4,1
4064000,2,3,1
4065000,2,3,1
4066000,2,4,0
4067000,1,4,1
4068000,1,4,1
4069000,2,3,1
4070000,1,2,0
4071000,1,2,0
4072000,2,4,1
4073000,2,4,1
4074000,3,4,0
4075000,1,3,1
4076000,3,4,1
4077000,3,4,1
4078000,1,3,1
4079000,1,2,1
4080000,1,4,1
4081000,1,4,1
4082000,1,4,0
4083000,1,3,1
4084000,1,2,1
4085000,3,4,1
4086000,1,3,1
4087000,2,3,1
4088000,1,4,1
4089000,1,2,1
4090000,1,4,0
4091000,1,2,0
4092000,1,3,0
4093000,1,3,1
4094000,2,4,1
4095000,1,3,1
4096000,2,4,1
4097000,1,2,0
4098000,1,4,0
4099000,1,3,1
4100000,1,4,1
4101000,2,3,1
4102000,2,4,1
4103000,3,4,1
4104000,2,4,0
4105000,1,4,1
4106000,3,4,1
4107000,1,2,1
4108000,1,4,1
4109000,2,4,1
4110000,1,2,1
4111000,2,3,0
4112000,3,4,1
4113000,1,2,1
4114000,3,4,0
4115000,1,3,0
4116000,1,4,0
4117000,1,2,1
4118000,2,3,1
4119000,2,4,1
4120000,3,4,1
4121000,1,4,1
4122000,3,4,1
4123000,1,4,1
4124000,2,3,1
4125000,1,4,1
4126000,1,2,1
4127000,1,4,1
4128000,1,2,1
4129000,1,3,1
4130000,1,3,1
4131000,3,4,1
4132000,2,4,1
4133000,1,4,0
4134000,1,2,0
4135000,1,2,1
4136000,1,3,1
4137000,3,4,1
4138000,2,3,0
4139000,2,4,0
4140000,1,4,0
4141000,2,4,0
4142000,1,4,0
4143000,2,3,1
4144000,1,4,0
4145000,1,4,1
4146000,3,4,1
4147000,2,3,1
4148000,3,4,1
4149000,3,4,1
4150000,3,4,1
4151000,1,2,1
4152000,2,4,1
4153000,1,3,1
4154000,1,3,1
4155000,3,4,1
4156000,1,4,1
4157000,1,3,1
4158000,1,3,1
4159000,1,2,1
4160000,1,4,1
4161000,1,4,0
4162000,1,3,0
4163000,3,4,1
4164000,3,4,1
4165000,2,3,0
4166000,1,3,1
4167000,1,4,1
4168000,2,3,1
4169000,1,2,1
4170000,1,3,1
4171000,3,4,1
4172000,1,4,1
4173000,1,3,0
4174000,2,4,1
4175000,1,2,1
4176000,1,2,1
4177000,3,4,1
4178000,1,4,0
4179000,1,2,1
4180000,2,3,0
4181000,2,3,0
4182000,3,4,0
4183000,1,2,0
4184000,3,4,1
4185000,1,3,0
4186000,1,4,0
4187000,3,4,1
4188000,2,4,0
4189000,1,4,0
4190000,1,3,0
4191000,2,3,1
4192000,1,4,0
4193000,1,3,1
4194000,2,4,1
4195000,1,2,0
4196000,2,3,1
4197000,1,4,0
4198000,1,4,1
4199000,2,4,0
4200000,3,4,1
4201000,2,3,1
4202000,1,4,1
4203000,1,2,1
4204000,2,4,1
4205000,1,3,1
4206000,1,4,1
4207000,1,3,1
4208000,1,4,1
4209000,1,3,1
4210000,2,3,1
4211000,1,4,1
4212000,1,4,0
4213000,3,4,0
4214000,2,3,1
4215000,2,4,0
4216000,1,4,0
4217000,1,3,1
4218000,1,4,0
4219000,2,4,1
4220000,1,2,1
4221000,3,4,0
4222000,2,3,1
4223000,1,2,1
4224000,1,4,0
4225000,1,4,1
4226000,3,4,1
4227000,1,2,0
4228000,2,4,1
4229000,1,2,1
4230000,2,4,1
4231000,1,2,1
4232000,1,2,1
4233000,1,3,1
4234000,1,3,1
4235000,1,2,1
4236000,2,3,1
4237000,3,4,1
4238000,1,2,1
4239000,2,4,1
4240000,3,4,1
4241000,1,3,1
4242000,1,2,1
4243000,1,4,1
4244000,3,4,1
4245000,1,3,1
4246000,1,3,1
4247000,1,3,1
4248000,2,4,1
4249000,1,4,0
4250000,1,4,0
4251000,2,3,1
4252000,1,3,0
4253000,1,3,1
4254000,2,4,1
4255000,2,4,1
4256000,3,4,1
4257000,2,4,1
4258000,2,3,1
4259000,2,4,1
4260000,1,4,0
4261000,1,2,1
4262000,1,2,1
4263000,1,4,0
4264000,2,4,0
4265000,1,2,1
4266000,1,4,1
4267000,1,4,1
4268000,2,4,0
4269000,2,3,1
4270000,1,2,1
4271000,2,3,1
4272000,1,2,1
4273000,1,3,1
4274000,1,2,1
4275000,1,3,1
4276000,2,4,0
4277000,3,4,0
4278000,1,3,1
4279000,2,3,1
4280000,1,3,1
4281000,1,3,1
4282000,3,4,1
4283000,1,3,0
4284000,1,4,1
4285000,1,2,1
4286000,1,4,1
4287000,1,3,0
4288000,1,2,1
4289000,1,3,1
4290000,1,4,1
4291000,1,2,1
4292000,1,3,1
4293000,2,4,0
4294000,2,4,0
4295000,2,4,0
4296000,3,4,0
4297000,1,2,1
4298000,3,4,1
4299000,3,4,1
4300000,2,4,1
4301000,1,2,1
4302000,1,3,1
4303000,1,2,1
4304000,3,4,1
4305000,1,3,0
4306000,2,3,0
4307000,2,4,0
4308000,2,4,0
4309000,2,4,1
4310000,2,3,1
4311000,1,2,1
4312000,1,4,1
4313000,1,2,1
4314000,1,3,1
4315000,1,2,1
4316000,1,3,1
4317000,2,3,1
4318000,2,4,1
4319000,1,2,1
4320000,2,4,1
4321000,3,4,1
4322000,1,2,1
4323000,2,4,0
4324000,3,4,0
4325000,1,3,0
4326000,2,4,1
4327000,2,3,1
4328000,3,4,1
4329000,1,3,0
4330000,1,4,0
4331000,2,3,1
4332000,1,4,0
4333000,1,2,1
4334000,2,3,1
4335000,3,4,1
4336000,2,3,1
4337000,2,4,1
4338000,3,4,0
4339000,3,4,0
4340000,2,4,1
4341000,2,4,1
4342000,2,4,1
4343000,1,2,1
4344000,3,4,1
4345000,1,2,1
4346000,2,3,1
4347000,1,4,1
4348000,1,3,0
4349000,1,2,1
4350000,2,4,1
4351000,2,3,0
4352000,1,3,0
4353000,3,4,1
4354000,2,3,1
4355000,1,2,1
4356000,3,4,1
4357000,2,4,1
4358000,3,4,1
4359000,1,3,1
4360000,1,4,0
4361000,1,3,0
4362000,1,2,1
4363000,1,4,0
4364000,2,3,1
4365000,2,4,0
4366000,2,4,0
4367000,1,4,0
4368000,3,4,0
4369000,2,3,1
4370000,1,2,1
4371000,2,4,0
4372000,1,4,0
4373000,1,4,1
4374000,1,2,1
4375000,2,4,1
4376000,3,4,1
4377000,3,4,1
4378000,1,3,1
4379000,2,4,1
4380000,1,3,1
4381000,1,3,1
4382000,1,2,1
4383000,3,4,1
4384000,3,4,1
4385000,3,4,1
4386000,1,3,1
4387000,1,2,0
4388000,1,4,0
4389000,1,3,0
4390000,2,4,1
4391000,2,3,1
4392000,1,2,1
4393000,2,3,1
4394000,1,3,1
4395000,2,4,1
4396000,1,3,0
4397000,3,4,1
4398000,1,3,1
4399000,2,4,1
4400000,3,4,1
4401000,2,3,1
4402000,2,4,1
4403000,1,4,1
4404000,1,4,1
4405000,1,4,1
4406000,1,2,1
4407000,3,4,1
4408000,2,4,1
4409000,2,4,1
4410000,1,3,1
4411000,3,4,1
4412000,1,3,1
4413000,1,3,1
4414000,2,3,1
4415000,1,4,1
4416000,1,3,1
4417000,1,4,0
4418000,3,4,1
4419000,1,3,1
4420000,2,4,1
4421000,2,3,1
4422000,2,4,1
4423000,3,4,1
4424000,1,4,1
4425000,1,2,0
4426000,2,4,1
4427000,3,4,1
4428000,1,4,1
4429000,2,3,0
4430000,1,2,0
4431000,1,3,1
4432000,1,2,1
4433000,2,3,1
4434000,2,4,1
4435000,2,3,1
4436000,1,2,1
4437000,1,3,1
4438000,2,3,1
4439000,1,2,1
4440000,3,4,1
4441000,2,3,1
4442000,1,2,1
4443000,3,4,1
4444000,1,3,1
4445000,2,4,1
4446000,1,3,1
4447000,3,4,1
4448000,1,3,0
4449000,1,4,1
4450000,2,4,1
4451000,3,4,1
4452000,3,4,0
4453000,1,4,1
4454000,1,2,1
4455000,2,4,1
4456000,2,3,1
4457000,3,4,1
4458000,1,3,0
4459000,1,3,0
4460000,1,4,1
4461000,1,3,1
4462000,2,3,1
4463000,1,2,1
4464000,1,2,1
4465000,1,3,1
4466000,1,2,1
4467000,1,4,1
4468000,2,4,0
4469000,1,3,1
4470000,2,4,0
4471000,1,2,1
4472000,3,4,1
4473000,3,4,1
4474000,2,3,1
4475000,1,2,1
4476000,2,3,1
4477000,3,4,1
4478000,2,3,1
4479000,1,3,1
4480000,2,4,1
4481000,1,3,1
4482000,1,2,1
4483000,1,4,0
4484000,2,4,1
4485000,3,4,1
4486000,2,4,0
4487000,2,3,1
4488000,1,2,1
4489000,1,4,0
4490000,1,2,1
4491000,1,2,1
4492000,3,4,1
4493000,1,2,1
4494000,1,2,1
4495000,2,4,0
4496000,1,4,1
4497000,1,4,1
4498000,1,4,0
4499000,1,4,0
4500000,2,3,0
4501000,1,2,1
4502000,1,4,0
4503000,3,4,1
4504000,2,3,1
4505000,1,4,0
4506000,1,4,0
4507000,3,4,0
4508000,1,3,1
4509000,3,4,1
4510000,2,4,1
4511000,1,3,1
4512000,1,2,1
4513000,2,4,1
4514000,3,4,1
4515000,3,4,1
4516000,3,4,1
4517000,2,4,1
4518000,1,4,0
4519000,3,4,1
4520000,3,4,1
4521000,2,3,1
4522000,1,2,1
4523000,2,4,1
4524000,2,3,1
4525000,1,3,1
4526000,3,4,1
4527000,2,3,1
4528000,2,3,0
4529000,2,4,1
4530000,2,3,1
4531000,1,2,1
4532000,1,4,1
4533000,3,4,1
4534000,1,2,1
4535000,3,4,0
4536000,1,2,1
4537000,1,4,1
4538000,2,3,1
4539000,1,4,1
4540000,2,4,0
4541000,1,3,1
4542000,2,3,1
4543000,1,4,1
4544000,1,4,1
4545000,2,4,0
4546000,2,4,0
4547000,1,4,1
4548000,2,4,1
4549000,1,3,1
4550000,2,3,1
4551000,1,4,1
4552000,3,4,1
4553000,2,4,1
4554000,2,3,1
4555000,2,3,1
4556000,1,2,1
4557000,3,4,1
4558000,1,3,1
4559000,1,3,1
4560000,1,3,1
4561000,2,4,1
4562000,2,4,1
4563000,1,2,1
4564000,1,2,1
4565000,1,4,1
4566000,2,4,1
4567000,2,4,1
4568000,1,2,1
4569000,1,4,0
4570000,2,4,0
4571000,3,4,1
4572000,2,4,0
4573000,2,3,1
4574000,1,2,1
4575000,3,4,1
4576000,2,4,1
4577000,2,3,1
4578000,1,4,1
4579000,1,4,0
4580000,2,3,1
4581000,1,3,0
4582000,3,4,1
4583000,2,4,1
4584000,2,4,1
4585000,3,4,1
4586000,1,4,0
4587000,2,4,1
4588000,1,3,0
4589000,2,4,1
4590000,2,3,1
4591000,1,3,1
4592000,1,4,0
4593000,2,4,1
4594000,1,2,1
4595000,1,4,1
4596000,1,3,1
4597000,1,4,0
4598000,2,4,1
4599000,1,3,1
4600000,2,4,1
4601000,1,2,1
4602000,3,4,1
4603000,1,2,1
4604000,1,4,1
4605000,1,3,1
4606000,1,2,1
4607000,1,2,1
4608000,1,2,1
4609000,1,2,1
4610000,1,3,1
4611000,2,3,1
4612000,1,4,0
4613000,1,3,1
4614000,2,4,1
4615000,3,4,1
4616000,2,4,1
4617000,1,2,1
4618000,2,4,1
4619000,1,4,1
4620000,3,4,1
4621000,1,4,0
4622000,1,2,0
4623000,1,4,0
4624000,1,4,0
4625000,2,4,0
4626000,2,4,1
4627000,2,4,1
4628000,2,4,1
4629000,1,4,0
4630000,3,4,1
4631000,2,4,1
4632000,2,4,0
4633000,1,4,0
4634000,2,3,1
4635000,1,3,1
4636000,3,4,1
4637000,1,2,1
4638000,3,4,1
4639000,1,2,1
4640000,2,4,1
4641000,2,3,1
4642000,2,4,1
4643000,3,4,1
4644000,2,3,1
4645000,1,2,1
4646000,1,4,0
4647000,1,2,1
4648000,3,4,1
4649000,1,2,1
4650000,1,3,0
4651000,1,3,1
4652000,1,4,1
4653000,2,3,1
4654000,3,4,1
4655000,1,3,1
4656000,1,2,1
4657000,1,2,1
4658000,1,3,0
4659000,1,4,1
4660000,2,4,1
4661000,3,4,1
4662000,3,4,1
4663000,1,3,0
4664000,1,4,1
4665000,2,3,1
4666000,1,2,1
4667000,2,4,1
4668000,1,3,1
4669000,3,4,1
4670000,2,3,0
4671000,2,4,1
4672000,1,2,1
4673000,2,3,1
4674000,1,4,1
4675000,2,3,0
4676000,3,4,1
4677000,1,4,0
4678000,1,3,1
4679000,1,4,1
4680000,3,4,1
4681000,2,4,1
4682000,3,4,1
4683000,1,3,1
4684000,2,3,1
4685000,1,4,1
4686000,3,4,1
4687000,2,4,1
4688000,1,3,1
4689000,1,3,1
4690000,1,4,0
4691000,2,3,1
4692000,2,3,1
4693000,1,4,0
4694000,1,3,1
4695000,1,2,1
4696000,2,4,0
4697000,3,4,1
4698000,1,3,1
4699000,1,2,1
4700000,1,2,1
4701000,1,2,1
4702000,2,4,1
4703000,2,3,1
4704000,2,4,0
4705000,1,4,0
4706000,1,3,1
4707000,2,4,0
4708000,1,2,1
4709000,2,3,1
4710000,1,3,0
4711000,3,4,1
4712000,2,4,1
4713000,2,3,1
4714000,1,2,1
4715000,3,4,1
4716000,3,4,0
4717000,2,3,1
4718000,3,4,0
4719000,1,2,1
4720000,1,2,1
4721000,1,2,1
4722000,2,3,1
4723000,1,2,1
4724000,2,4,1
4725000,1,3,0
4726000,1,3,0
4727000,1,3,1
4728000,1,4,1
4729000,1,4,0
4730000,2,4,1
4731000,2,3,1
4732000,1,2,1
4733000,1,3,0
4734000,1,2,1
4735000,1,3,0
4736000,1,4,0
4737000,1,2,1
4738000,2,4,0
4739000,2,4,1
4740000,2,4,1
4741000,1,4,0
4742000,2,4,0
4743000,2,3,1
4744000,1,2,1
4745000,1,3,1
4746000,2,4,0
4747000,2,3,0
4748000,1,3,0
4749000,1,3,1
4750000,1,4,1
4751000,2,4,1
4752000,2,3,1
4753000,1,4,1
4754000,1,3,0
4755000,3,4,1
4756000,2,3,1
4757000,2,4,1
4758000,3,4,0
4759000,2,4,1
4760000,1,3,1
4761000,1,2,1
4762000,1,3,1
4763000,2,4,0
4764000,1,4,1
4765000,1,2,1
4766000,1,3,1
4767000,2,3,1
4768000,3,4,1
4769000,2,3,1
4770000,1,3,1
4771000,2,3,0
4772000,3,4,1
4773000,1,2,1
4774000,2,3,0
4775000,1,2,0
4776000,2,3,1
4777000,3,4,1
4778000,1,4,0
4779000,3,4,1
4780000,1,2,0
4781000,1,3,1
4782000,3,4,1
4783000,1,3,1
4784000,2,4,1
4785000,1,2,1
4786000,1,4,0
4787000,3,4,1
4788000,1,3,0
4789000,1,3,0
4790000,1,4,1
4791000,1,2,1
4792000,2,4,1
4793000,1,2,1
4794000,3,4,1
4795000,1,3,1
4796000,1,4,1
4797000,2,3,1
4798000,1,4,1
4799000,3,4,1
4800000,3,4,1
4801000,3,4,1
4802000,3,4,1
4803000,1,2,1
4804000,1,3,0
4805000,3,4,1
4806000,1,4,0
4807000,1,4,0
4808000,3,4,1
4809000,1,2,1
4810000,3,4,1
4811000,2,3,0
4812000,3,4,1
4813000,1,3,0
4814000,1,4,0
4815000,1,2,1
4816000,1,2,1
4817000,2,4,0
4818000,1,2,1
4819000,1,4,0
4820000,2,3,0
4821000,2,4,0
4822000,3,4,1
4823000,2,4,1
4824000,3,4,1
4825000,1,3,1
4826000,2,4,1
4827000,1,2,0
4828000,1,4,0
4829000,2,3,1
4830000,3,4,1
4831000,2,4,0
4832000,2,4,0
4833000,1,2,1
4834000,2,3,1
4835000,2,4,1
4836000,1,4,0
4837000,1,3,1
4838000,1,2,1
4839000,1,3,1
4840000,1,3,0
4841000,2,4,0
4842000,2,4,0
4843000,3,4,1
4844000,1,2,0
4845000,1,2,1
4846000,1,4,0
4847000,1,4,1
4848000,1,3,1
4849000,2,3,0
4850000,2,4,1
4851000,1,4,1
4852000,2,3,1
4853000,3,4,0
4854000,1,4,0
4855000,2,3,1
4856000,1,3,1
4857000,1,2,1
4858000,2,3,1
4859000,1,2,1
4860000,2,3,0
4861000,3,4,1
4862000,2,3,1
4863000,1,3,1
4864000,1,3,1
4865000,1,4,0
4866000,2,3,1
4867000,1,4,0
4868000,3,4,1
4869000,1,4,0
4870000,2,4,0
4871000,3,4,1
4872000,3,4,1
4873000,2,4,0
4874000,1,4,0
4875000,1,3,1
4876000,3,4,1
4877000,1,2,1
4878000,2,4,1
4879000,2,3,0
4880000,2,3,1
4881000,1,3,1
4882000,1,3,1
4883000,1,3,1
4884000,1,3,1
4885000,1,2,1
4886000,1,2,1
4887000,2,4,1
4888000,2,4,1
4889000,1,4,0
4890000,1,2,0
4891000,1,4,0
4892000,3,4,0
4893000,3,4,0
4894000,3,4,1
4895000,1,4,0
4896000,1,3,0
4897000,2,4,1
4898000,1,2,1
4899000,3,4,1
4900000,2,4,0
4901000,1,2,1
4902000,3,4,1
4903000,3,4,1
4904000,2,3,1
4905000,1,4,0
4906000,1,3,1
4907000,2,4,0
4908000,1,4,0
4909000,1,4,0
4910000,1,4,1
4911000,1,2,1
4912000,3,4,0
4913000,2,4,1
4914000,2,3,1
4915000,3,4,0
4916000,1,3,1
4917000,1,4,0
4918000,1,3,1
4919000,1,4,0
4920000,1,4,1
4921000,1,3,1
4922000,1,3,0
4923000,2,3,1
4924000,1,4,0
4925000,2,4,1
4926000,3,4,1
4927000,1,2,1
4928000,3,4,1
4929000,1,3,1
4930000,2,3,1
4931000,1,2,1
4932000,2,4,1
4933000,1,2,1
4934000,2,3,1
4935000,3,4,1
4936000,1,2,1
4937000,2,3,1
4938000,2,4,0
4939000,2,3,0
4940000,1,4,0
4941000,3,4,1
4942000,2,4,0
4943000,1,3,1
4944000,1,4,0
4945000,2,4,0
4946000,1,4,1
4947000,1,4,1
4948000,1,2,1
4949000,1,3,1
4950000,2,3,1
4951000,1,4,0
4952000,1,4,0
4953000,3,4,1
4954000,2,4,0
4955000,1,2,1
4956000,1,2,1
4957000,1,2,1
4958000,2,3,0
4959000,1,4,0
4960000,1,4,0
4961000,3,4,1
4962000,1,4,0
4963000,2,3,0
4964000,1,4,1
4965000,2,3,0
4966000,3,4,1
4967000,1,4,1
4968000,3,4,1
4969000,2,4,1
4970000,1,2,1
4971000,1,4,1
4972000,1,4,1
4973000,3,4,1
4974000,3,4,1
4975000,1,3,0
4976000,1,4,1
4977000,1,3,0
4978000,2,4,1
4979000,2,4,1
4980000,2,4,1
4981000,2,4,0
4982000,1,4,0
4983000,1,3,1
4984000,1,4,1
4985000,2,4,0
4986000,1,2,1
4987000,2,4,1
4988000,3,4,1
4989000,2,4,1
4990000,3,4,1
4991000,3,4,1
4992000,1,3,1
4993000,3,4,1
4994000,1,2,1
4995000,1,3,1
4996000,2,4,1
4997000,1,4,1
4998000,2,4,0
4999000,1,4,1
5000000,1,4,1
5001000,1,4,1
5002000,3,4,1
5003000,1,4,1
5004000,1,3,0
5005000,1,4,0
5006000,2,3,1
5007000,3,4,0
5008000,2,4,1
5009000,1,2,1
5010000,2,4,1
5011000,1,3,1
5012000,2,3,1
5013000,1,3,1
5014000,2,3,1
5015000,2,4,1
5016000,3,4,1
5017000,2,3,1
5018000,1,3,1
5019000,3,4,1
5020000,1,3,1
5021000,2,3,1
5022000,1,3,1
5023000,1,2,1
5024000,2,4,1
5025000,1,2,0
5026000,2,3,1
5027000,1,3,0
5028000,2,3,1
5029000,3,4,1
5030000,1,4,1
5031000,2,3,1
5032000,2,3,1
5033000,1,3,1
5034000,1,3,0
5035000,2,4,1
5036000,3,4,1
5037000,3,4,1
5038000,2,3,1
5039000,3,4,1
5040000,1,3,1
5041000,1,3,1
5042000,2,3,1
5043000,2,3,1
5044000,1,3,1
5045000,1,3,1
5046000,2,4,1
5047000,1,2,1
5048000,1,3,1
5049000,1,4,1
5050000,3,4,1
5051000,2,3,1
5052000,2,4,1
5053000,2,3,1
5054000,1,4,1
5055000,1,3,1
5056000,3,4,1
5057000,3,4,1
5058000,1,4,1
5059000,2,4,1
5060000,1,4,1
5061000,1,4,1
5062000,2,4,1
5063000,3,4,1
5064000,1,4,1
5065000,2,4,0
5066000,2,4,0
5067000,1,4,1
5068000,2,4,0
5069000,2,3,1
5070000,2,4,1
5071000,1,4,1
5072000,2,4,1
5073000,2,4,1
5074000,1,2,0
5075000,2,3,1
5076000,3,4,0
5077000,1,4,0
5078000,1,3,1
5079000,1,3,1
5080000,2,4,1
5081000,1,4,1
5082000,1,4,1
5083000,2,4,1
5084000,3,4,1
5085000,2,3,1
5086000,2,3,1
5087000,1,4,0
5088000,1,3,0
5089000,1,3,0
5090000,1,2,1
5091000,3,4,1
5092000,1,3,0
5093000,1,3,0
5094000,3,4,1
5095000,3,4,1
5096000,1,3,1
5097000,1,3,1
5098000,1,4,0
5099000,1,4,1
5100000,2,4,1
5101000,2,3,1
5102000,3,4,1
5103000,3,4,0
5104000,2,3,1
5105000,1,3,1
5106000,1,2,1
5107000,2,4,1
5108000,1,3,1
5109000,1,2,1
5110000,1,2,0
5111000,3,4,1
5112000,3,4,1
5113000,3,4,1
5114000,3,4,1
5115000,1,2,1
5116000,3,4,0
5117000,2,3,1
5118000,1,2,1
5119000,1,3,1
5120000,1,4,0
5121000,1,4,0
5122000,1,4,0
5123000,2,3,1
5124000,1,2,1
5125000,2,3,1
5126000,1,2,1
5127000,2,4,1
5128000,2,4,1
5129000,2,4,1
5130000,1,2,1
5131000,2,3,1
5132000,2,3,1
5133000,1,2,1
5134000,2,3,1
5135000,1,3,1
5136000,1,3,0
5137000,1,4,1
5138000,2,3,1
5139000,3,4,0
5140000,3,4,1
5141000,2,4,1
5142000,3,4,0
5143000,2,3,1
5144000,2,3,1
5145000,2,4,1
5146000,3,4,1
5147000,3,4,1
5148000,1,3,1
5149000,2,4,1
5150000,1,3,1
5151000,2,4,1
5152000,1,4,1
5153000,2,4,1
5154000,1,2,1
5155000,1,4,0
5156000,1,2,1
5157000,1,3,1
5158000,2,3,0
5159000,2,3,1
5160000,1,4,1
5161000,1,3,1
5162000,2,3,1
5163000,2,4,1
5164000,2,4,0
5165000,2,3,1
5166000,2,4,0
5167000,1,3,0
5168000,3,4,1
5169000,1,2,1
5170000,1,3,1
5171000,1,4,1
5172000,1,4,1
5173000,1,3,1
5174000,1,4,1
5175000,1,2,1
5176000,1,4,0
5177000,2,3,0
5178000,2,4,1
5179000,1,2,1
5180000,1,3,0
5181000,1,2,1
5182000,1,3,0
5183000,3,4,1
5184000,1,3,0
5185000,1,4,0
5186000,3,4,0
5187000,2,4,0
5188000,2,3,1
5189000,1,4,0
5190000,3,4,1
5191000,2,3,1
5192000,1,3,1
5193000,1,4,1
5194000,1,2,1
5195000,2,3,1
5196000,2,3,1
5197000,1,4,1
5198000,1,4,1
5199000,1,2,1
5200000,2,3,1
5201000,1,3,0
5202000,1,2,1
5203000,3,4,1
5204000,1,4,0
5205000,1,3,1
5206000,1,4,1
5207000,1,3,1
5208000,2,3,1
5209000,1,3,0
5210000,2,3,1
5211000,3,4,1
5212000,3,4,1
5213000,1,2,1
5214000,2,4,1
5215000,2,3,1
5216000,1,4,1
5217000,3,4,1
5218000,3,4,1
5219000,3,4,1
5220000,2,4,1
5221000,3,4,0
5222000,1,2,1
5223000,3,4,1
5224000,1,3,1
5225000,1,4,1
5226000,1,2,1
5227000,1,4,1
5228000,1,3,1
5229000,1,4,1
5230000,3,4,1
5231000,3,4,1
5232000,2,4,1
5233000,2,3,1
5234000,2,3,1
5235000,2,4,1
5236000,2,4,0
5237000,3,4,1
5238000,3,4,1
5239000,1,2,0
5240000,1,2,1
5241000,1,2,1
5242000,1,4,0
5243000,1,3,0
5244000,1,4,1
5245000,2,4,1
5246000,1,2,1
5247000,2,4,1
5248000,1,4,0
5249000,1,2,1
5250000,1,2,1
5251000,1,3,1
5252000,2,3,1
5253000,3,4,1
5254000,3,4,1
5255000,2,3,1
5256000,1,3,1
5257000,2,4,0
5258000,3,4,1
5259000,2,4,0
5260000,1,4,0
5261000,1,3,1
5262000,2,3,1
5263000,2,4,0
5264000,1,3,1
5265000,1,3,0
5266000,1,2,1
5267000,1,2,0
5268000,1,4,0
5269000,2,3,0
5270000,2,4,1
5271000,1,4,1
5272000,2,3,1
5273000,3,4,1
5274000,3,4,1
5275000,2,3,1
5276000,2,3,1
5277000,1,4,1
5278000,2,3,1
5279000,1,4,0
5280000,2,4,1
5281000,3,4,1
5282000,2,3,1
5283000,3,4,1
5284000,1,2,1
5285000,1,3,1
5286000,3,4,1
5287000,1,2,1
5288000,1,2,1
5289000,1,3,1
5290000,2,4,0
5291000,1,4,0
5292000,2,3,1
5293000,2,4,1
5294000,1,4,0
5295000,2,3,1
5296000,1,3,1
5297000,1,2,1
5298000,1,4,0
5299000,2,3,1
5300000,2,4,1
5301000,2,4,1
5302000,2,3,1
5303000,2,4,1
5304000,1,4,0
5305000,1,4,0
5306000,2,3,1
5307000,1,4,1
5308000,1,3,1
5309000,1,3,1
5310000,1,4,1
5311000,1,3,0
5312000,1,2,1
5313000,1,4,0
5314000,1,3,0
5315000,1,4,0
5316000,1,4,1
5317000,3,4,1
5318000,1,4,1
5319000,1,3,1
5320000,1,4,0
5321000,2,3,1
5322000,1,4,0
5323000,1,4,0
5324000,2,4,1
5325000,2,4,1
5326000,1,2,1
5327000,1,3,1
5328000,2,3,0
5329000,2,3,1
5330000,2,3,1
5331000,1,4,1
5332000,1,3,1
5333000,1,3,1
5334000,3,4,1
5335000,1,2,1
5336000,1,3,1
5337000,1,2,0
5338000,1,2,1
5339000,3,4,1
5340000,1,4,1
5341000,3,4,1
5342000,2,3,1
5343000,3,4,0
5344000,2,4,1
5345000,1,2,0
5346000,1,2,1
5347000,1,3,1
5348000,3,4,1
5349000,1,3,1
5350000,2,4,1
5351000,1,2,1
5352000,1,2,0
5353000,3,4,1
5354000,1,3,1
5355000,3,4,1
5356000,3,4,1
5357000,2,4,1
5358000,2,4,0
5359000,1,2,1
5360000,2,3,1
5361000,2,3,1
5362000,3,4,1
5363000,1,3,1
5364000,2,4,0
5365000,2,3,1
5366000,1,2,1
5367000,1,3,1
5368000,1,3,1
5369000,2,4,1
5370000,1,2,1
5371000,3,4,1
5372000,1,4,1
5373000,1,2,1
5374000,1,4,1
5375000,1,4,1
5376000,1,3,0
5377000,1,4,0
5378000,2,3,1
5379000,1,2,0
5380000,3,4,0
5381000,1,4,0
5382000,1,4,1
5383000,1,3,1
5384000,1,4,1
5385000,1,2,0
5386000,3,4,1
5387000,1,2,1
5388000,1,4,1
5389000,3,4,1
5390000,2,4,1
5391000,3,4,1
5392000,3,4,0
5393000,1,3,1
5394000,3,4,0
5395000,1,3,1
5396000,1,4,1
5397000,2,3,1
5398000,2,4,1
5399000,1,4,1
5400000,1,2,0
5401000,2,4,1
5402000,2,4,1
5403000,2,4,1
5404000,1,3,1
5405000,1,4,0
5406000,3,4,1
5407000,1,3,1
5408000,1,2,1
5409000,1,2,1
5410000,3,4,1
5411000,2,3,1
5412000,3,4,1
5413000,1,3,1
5414000,2,3,1
5415000,2,4,1
5416000,2,3,1
5417000,1,4,1
5418000,3,4,1
5419000,2,3,1
5420000,3,4,0
5421000,2,3,1
5422000,1,4,0
5423000,1,2,1
5424000,3,4,1
5425000,3,4,1
5426000,1,2,1
5427000,1,3,1
5428000,1,3,1
5429000,1,4,1
5430000,2,4,0
5431000,1,4,1
5432000,2,4,0
5433000,2,4,0
5434000,1,2,1
5435000,1,4,0
5436000,2,4,1
5437000,2,3,1
5438000,1,3,0
5439000,2,3,0
5440000,2,4,1
5441000,2,4,1
5442000,1,2,1
5443000,1,2,1
5444000,1,4,1
5445000,1,4,1
5446000,3,4,1
5447000,3,4,1
5448000,3,4,1
5449000,3,4,1
5450000,2,3,1
5451000,1,4,1
5452000,1,3,1
5453000,2,3,1
5454000,1,4,1
5455000,2,3,1
5456000,2,4,1
5457000,3,4,1
5458000,2,4,1
5459000,2,4,1
5460000,2,4,1
5461000,1,4,1
5462000,1,2,1
5463000,3,4,1
5464000,1,3,1
5465000,1,3,1
5466000,2,3,1
5467000,3,4,0
5468000,2,3,1
5469000,1,4,1
5470000,2,3,1
5471000,1,3,1
5472000,1,4,1
5473000,2,4,1
5474000,1,3,1
5475000,2,3,1
5476000,1,2,1
5477000,1,3,1
5478000,1,2,0
5479000,1,2,1
5480000,2,4,1
5481000,1,2,1
5482000,1,2,1
5483000,1,3,1
5484000,2,3,1
5485000,2,3,1
5486000,1,3,1
5487000,2,4,1
5488000,1,2,1
5489000,3,4,1
5490000,1,3,1
5491000,1,3,1
5492000,1,3,1
5493000,1,3,1
5494000,1,3,1
5495000,2,3,1
5496000,2,4,0
5497000,2,4,1
5498000,2,4,1
5499000,1,3,1
5500000,2,4,0
5501000,3,4,0
5502000,2,3,1
5503000,2,3,1
5504000,2,3,1
5505000,1,2,1
5506000,2,3,1
5507000,3,4,1
5508000,1,4,0
5509000,1,3,0
5510000,3,4,1
5511000,1,3,0
5512000,2,4,0
5513000,1,2,1
5514000,1,3,1
5515000,1,2,1
5516000,2,4,1
5517000,1,2,1
5518000,2,3,1
5519000,1,2,1
5520000,2,4,1
5521000,1,3,1
5522000,2,4,1
5523000,1,3,1
5524000,1,4,0
5525000,1,3,1
5526000,3,4,0
5527000,1,2,1
5528000,1,2,1
5529000,1,4,0
5530000,1,4,0
5531000,1,2,0
5532000,3,4,0
5533000,1,2,1
5534000,1,3,1
5535000,1,3,0
5536000,1,2,1
5537000,2,3,1
5538000,3,4,1
5539000,1,4,1
5540000,2,4,1
5541000,1,3,1
5542000,1,3,1
5543000,2,4,0
5544000,1,2,1
5545000,3,4,1
5546000,3,4,1
5547000,2,3,0
5548000,1,4,1
5549000,1,4,1
5550000,2,3,1
5551000,1,2,0
5552000,3,4,0
5553000,1,3,1
5554000,2,4,1
5555000,1,4,0
5556000,1,3,1
5557000,1,4,1
5558000,2,3,1
5559000,3,4,1
5560000,1,4,1
5561000,1,2,1
5562000,1,3,1
5563000,3,4,0
5564000,1,4,0
5565000,1,2,0
5566000,2,3,1
5567000,3,4,1
5568000,3,4,1
5569000,1,4,1
5570000,1,2,1
5571000,1,3,1
5572000,1,2,1
5573000,1,3,1
5574000,1,2,0
5575000,1,4,1
5576000,1,2,1
5577000,2,3,0
5578000,2,4,1
5579000,3,4,1
5580000,2,3,1
5581000,1,3,1
5582000,3,4,1
5583000,2,3,0
5584000,2,3,1
5585000,2,3,1
5586000,3,4,1
5587000,1,4,0
5588000,1,4,1
5589000,1,4,1
5590000,1,2,1
5591000,3,4,1
5592000,1,4,1
5593000,1,4,1
5594000,3,4,1
5595000,3,4,1
5596000,3,4,1
5597000,2,4,0
5598000,1,3,1
5599000,2,4,0
5600000,1,3,1
5601000,1,3,1
5602000,1,3,1
5603000,1,2,1
5604000,1,4,0
5605000,1,2,1
5606000,2,4,0
5607000,2,4,0
5608000,1,3,1
5609000,2,3,1
5610000,1,2,1
5611000,2,4,0
5612000,3,4,1
5613000,2,4,1
5614000,1,2,1
5615000,3,4,1
5616000,2,4,0
5617000,1,4,0
5618000,1,4,1
5619000,2,4,1
5620000,3,4,1
5621000,1,4,1
5622000,1,4,1
5623000,1,2,1
5624000,1,3,1
5625000,1,2,1
5626000,1,2,1
5627000,2,3,1
5628000,1,2,1
5629000,3,4,1
5630000,2,4,1
5631000,1,3,1
5632000,3,4,1
5633000,1,2,1
5634000,3,4,1
5635000,1,2,1
5636000,1,2,1
5637000,1,3,1
5638000,1,3,0
5639000,2,3,1
5640000,2,3,1
5641000,3,4,1
5642000,1,4,0
5643000,2,4,1
5644000,1,4,0
5645000,3,4,1
5646000,1,2,0
5647000,3,4,1
5648000,2,3,1
5649000,2,3,1
5650000,2,3,1
5651000,2,3,1
5652000,2,3,1
5653000,2,3,1
5654000,1,4,0
5655000,2,4,1
5656000,3,4,1
5657000,1,3,1
5658000,1,2,1
5659000,3,4,1
5660000,2,3,1
5661000,1,3,1
5662000,1,3,1
5663000,3,4,1
5664000,3,4,1
5665000,2,4,0
5666000,2,4,1
5667000,1,3,1
5668000,1,3,0
5669000,1,3,1
5670000,1,3,1
5671000,2,3,1
5672000,1,3,1
5673000,2,4,1
5674000,3,4,1
5675000,1,2,1
5676000,2,3,0
5677000,1,4,0
5678000,1,2,1
5679000,2,3,1
5680000,2,4,1
5681000,1,4,0
5682000,1,3,1
5683000,1,3,1
5684000,1,2,1
5685000,3,4,1
5686000,1,3,1
5687000,2,3,1
5688000,2,4,1
5689000,1,4,1
5690000,2,4,1
5691000,2,4,1
5692000,1,3,1
5693000,1,3,1
5694000,1,2,1
5695000,2,4,1
5696000,1,3,1
5697000,1,2,0
5698000,2,4,1
5699000,1,2,0
5700000,1,2,1
5701000,1,4,0
5702000,2,4,1
5703000,3,4,1
5704000,2,4,1
5705000,2,3,1
5706000,2,3,1
5707000,2,4,1
5708000,2,4,1
5709000,1,3,1
5710000,1,2,1
5711000,3,4,1
5712000,2,3,1
5713000,1,2,0
5714000,1,4,1
5715000,3,4,1
5716000,2,3,1
5717000,2,4,1
5718000,1,2,1
5719000,2,3,0
5720000,2,4,1
5721000,2,3,0
5722000,2,4,1
5723000,2,4,1
5724000,3,4,1
5725000,3,4,0
5726000,1,4,0
5727000,1,3,0
5728000,3,4,1
5729000,1,2,1
5730000,2,3,1
5731000,2,3,1
5732000,3,4,1
5733000,1,3,0
5734000,1,4,0
5735000,2,4,1
5736000,1,2,1
5737000,2,4,1
5738000,3,4,1
5739000,3,4,0
5740000,1,3,1
5741000,2,3,1
5742000,1,4,0
5743000,1,4,0
5744000,3,4,0
5745000,2,3,1
5746000,1,2,1
5747000,1,3,1
5748000,2,3,1
5749000,1,4,1
5750000,2,4,0
5751000,3,4,1
5752000,3,4,1
5753000,3,4,0
5754000,1,4,1
5755000,1,4,1
5756000,1,4,1
5757000,2,3,1
5758000,1,4,1
5759000,3,4,1
5760000,3,4,1
5761000,1,4,0
5762000,3,4,0
5763000,1,2,1
5764000,1,2,0
5765000,3,4,1
5766000,2,3,1
5767000,3,4,1
5768000,1,3,1
5769000,2,3,1
5770000,1,2,1
5771000,3,4,1
5772000,3,4,1
5773000,1,2,1
5774000,1,2,1
5775000,2,3,1
5776000,1,3,1
5777000,2,4,1
5778000,2,3,1
5779000,1,3,0
5780000,2,3,0
5781000,2,3,0
5782000,1,2,1
5783000,1,3,0
5784000,1,3,1
5785000,1,3,1
5786000,2,3,1
5787000,1,4,0
5788000,2,4,1
5789000,2,3,1
5790000,1,2,1
5791000,2,4,1
5792000,2,3,0
5793000,1,2,1
5794000,2,3,1
5795000,1,3,1
5796000,2,3,1
5797000,1,3,0
5798000,2,4,1
5799000,1,2,1
5800000,3,4,1
5801000,1,2,1
5802000,2,3,1
5803000,1,2,1
5804000,2,4,0
5805000,1,3,1
5806000,1,2,1
5807000,2,4,0
5808000,3,4,1
5809000,1,3,1
5810000,2,4,1
5811000,1,3,1
5812000,1,3,0
5813000,3,4,1
5814000,3,4,1
5815000,2,3,0
5816000,1,3,0
5817000,1,4,1
5818000,2,4,1
5819000,1,4,0
5820000,3,4,1
5821000,1,3,0
5822000,1,3,1
5823000,1,2,1
5824000,3,4,0
5825000,3,4,1
5826000,3,4,1
5827000,3,4,0
5828000,2,3,1
5829000,1,3,0
5830000,1,3,1
5831000,2,4,1
5832000,2,3,1
5833000,1,4,1
5834000,3,4,1
5835000,1,4,0
5836000,3,4,1
5837000,3,4,1
5838000,2,4,0
5839000,1,2,1
5840000,2,4,0
5841000,2,4,0
5842000,1,3,0
5843000,2,4,1
5844000,2,3,1
5845000,2,4,1
5846000,2,3,1
5847000,1,3,1
5848000,2,4,1
5849000,2,4,1
5850000,2,3,1
5851000,1,3,1
5852000,1,4,1
5853000,3,4,1
5854000,3,4,1
5855000,2,3,1
5856000,1,4,1
5857000,1,2,1
5858000,1,2,1
5859000,1,3,1
5860000,1,2,1
5861000,1,3,0
5862000,2,3,0
5863000,1,3,1
5864000,2,3,1
5865000,2,4,1
5866000,1,2,1
5867000,1,4,1
5868000,2,4,1
5869000,3,4,0
5870000,3,4,0
5871000,3,4,0
5872000,1,4,1
5873000,2,3,1
5874000,2,3,0
5875000,2,4,1
5876000,1,2,1
5877000,1,3,0
5878000,1,4,1
5879000,3,4,1
5880000,1,2,1
5881000,2,3,1
5882000,2,4,0
5883000,3,4,1
5884000,2,3,1
5885000,3,4,1
5886000,1,2,1
5887000,3,4,1
5888000,1,3,1
5889000,2,3,1
5890000,1,2,1
5891000,2,3,1
5892000,2,4,1
5893000,2,4,0
5894000,2,3,1
5895000,1,3,1
5896000,3,4,1
5897000,3,4,1
5898000,1,4,0
5899000,3,4,1
5900000,2,4,0
5901000,3,4,1
5902000,1,4,0
5903000,3,4,1
5904000,1,4,1
5905000,2,3,0
5906000,1,3,1
5907000,2,4,1
5908000,3,4,1
5909000,2,4,0
5910000,1,3,1
5911000,1,4,0
5912000,2,3,1
5913000,3,4,1
5914000,1,2,0
5915000,1,2,1
5916000,2,4,1
5917000,1,4,1
5918000,1,4,1
5919000,3,4,1
5920000,1,2,1
5921000,2,3,1
5922000,1,4,0
5923000,1,3,0
5924000,1,3,0
5925000,3,4,1
5926000,3,4,1
5927000,1,2,1
5928000,1,2,1
5929000,3,4,1
5930000,2,3,1
5931000,1,4,1
5932000,2,4,1
5933000,1,4,1
5934000,1,2,1
5935000,1,2,1
5936000,1,3,1
5937000,1,4,1
5938000,3,4,1
5939000,2,4,1
5940000,1,2,1
5941000,2,4,1
5942000,1,3,1
5943000,1,4,0
5944000,2,3,1
5945000,1,4,0
5946000,2,4,1
5947000,2,3,1
5948000,2,4,1
5949000,2,3,1
5950000,1,3,0
5951000,1,3,1
5952000,3,4,1
5953000,3,4,1
5954000,1,2,1
5955000,2,4,1
5956000,1,3,1
5957000,1,2,1
5958000,2,3,1
5959000,1,2,1
5960000,1,2,1
5961000,3,4,1
5962000,1,4,1
5963000,1,3,0
5964000,2,4,1
5965000,2,4,0
5966000,2,3,0
5967000,1,3,0
5968000,2,4,1
5969000,1,3,1
5970000,3,4,1
5971000,1,3,1
5972000,1,4,1
5973000,3,4,1
5974000,2,3,1
5975000,1,3,0
5976000,1,2,1
5977000,2,4,0
5978000,1,3,0
5979000,3,4,1
5980000,1,3,0
5981000,1,2,1
5982000,2,4,0
5983000,3,4,1
5984000,1,2,1
5985000,1,4,1
5986000,1,4,1
5987000,2,3,1
5988000,3,4,0
5989000,1,3,1
5990000,1,3,1
5991000,1,4,0
5992000,3,4,1
5993000,1,2,1
5994000,1,3,1
5995000,2,4,1
5996000,1,3,1
5997000,2,3,0
5998000,3,4,1
5999000,1,2,1
6000000,2,3,1
6001000,3,4,1
6002000,1,2,1
6003000,3,4,1
6004000,1,4,0
6005000,2,4,0
6006000,2,3,1
6007000,2,4,1
6008000,3,4,1
6009000,1,3,0
6010000,2,3,1
6011000,1,2,1
6012000,2,4,1
6013000,1,2,1
6014000,3,4,1
6015000,2,4,1
6016000,1,4,0
6017000,1,4,0
6018000,2,4,1
6019000,2,3,1
6020000,1,4,0
6021000,1,3,1
6022000,3,4,0
6023000,3,4,1
6024000,2,3,0
6025000,1,3,1
6026000,1,3,0
6027000,2,4,1
6028000,1,2,1
6029000,2,4,1
6030000,1,2,1
6031000,2,3,0
6032000,1,3,1
6033000,2,4,1
6034000,2,4,1
6035000,1,3,1
6036000,1,3,0
6037000,1,2,1
6038000,1,2,0
6039000,1,4,0
6040000,1,3,0
6041000,1,2,0
6042000,1,4,0
6043000,1,4,0
6044000,1,2,1
6045000,1,3,0
6046000,3,4,1
6047000,2,3,1
6048000,2,4,1
6049000,1,3,1
6050000,1,3,1
6051000,1,3,1
6052000,2,4,1
6053000,1,3,0
6054000,3,4,1
6055000,1,3,0
6056000,2,4,1
6057000,3,4,1
6058000,3,4,1
6059000,1,2,1
6060000,1,4,0
6061000,2,4,0
6062000,2,3,1
6063000,1,2,1
6064000,2,4,1
6065000,2,4,1
6066000,1,2,1
6067000,1,4,1
6068000,2,4,1
6069000,2,3,1
6070000,1,4,1
6071000,1,4,1
6072000,2,3,1
6073000,1,3,1
6074000,1,2,1
6075000,1,3,1
6076000,1,4,1
6077000,2,4,1
6078000,3,4,1
6079000,1,4,1
6080000,2,3,1
6081000,2,3,1
6082000,1,4,0
6083000,1,3,1
6084000,3,4,1
6085000,3,4,1
6086000,3,4,1
6087000,3,4,1
6088000,1,3,1
6089000,1,3,1
6090000,1,3,0
6091000,1,3,1
6092000,1,2,1
6093000,3,4,1
6094000,2,3,1
6095000,3,4,1
6096000,1,4,1
6097000,1,2,1
6098000,2,4,1
6099000,2,4,1
6100000,2,4,0
6101000,1,2,1
6102000,3,4,0
6103000,2,3,1
6104000,1,3,1
6105000,1,4,1
6106000,1,2,1
6107000,1,3,0
6108000,1,2,0
6109000,3,4,1
6110000,2,4,1
6111000,1,4,0
6112000,1,3,0
6113000,1,2,0
6114000,2,4,1
6115000,2,3,1
6116000,2,4,1
6117000,2,4,1
6118000,2,3,1
6119000,3,4,1
6120000,2,4,1
6121000,1,4,0
6122000,1,2,0
6123000,2,4,0
6124000,1,4,0
6125000,2,4,1
6126000,3,4,1
6127000,2,4,1
6128000,1,2,1
6129000,2,3,0
6130000,1,3,0
6131000,2,3,1
6132000,1,2,1
6133000,3,4,0
6134000,2,3,1
6135000,2,3,1
6136000,1,3,1
6137000,1,4,0
6138000,1,2,0
6139000,2,4,0
6140000,1,3,0
6141000,1,3,0
6142000,2,3,1
6143000,2,4,1
6144000,1,3,1
6145000,1,4,1
6146000,2,3,1
6147000,2,4,0
6148000,1,2,1
6149000,2,4,1
6150000,1,2,1
6151000,3,4,1
6152000,2,3,1
6153000,1,2,0
6154000,2,3,1
6155000,1,4,0
6156000,1,4,1
6157000,1,3,1
6158000,2,3,0
6159000,1,3,1
6160000,2,4,0
6161000,3,4,1
6162000,1,4,1
6163000,1,4,1
6164000,2,3,1
6165000,2,4,1
6166000,1,3,1
6167000,3,4,1
6168000,1,3,1
6169000,2,3,1
6170000,3,4,1
6171000,2,4,1
6172000,1,2,0
6173000,2,3,1
6174000,1,3,1
6175000,1,4,1
6176000,1,2,1
6177000,2,3,0
6178000,2,4,0
6179000,1,2,1
6180000,2,3,1
6181000,3,4,1
6182000,1,3,1
6183000,1,2,1
6184000,1,4,0
6185000,1,4,0
6186000,1,4,0
6187000,1,3,0
6188000,3,4,0
6189000,2,4,1
6190000,1,2,0
6191000,3,4,1
6192000,2,4,1
6193000,1,4,0
6194000,1,3,0
6195000,1,4,0
6196000,1,3,0
6197000,2,3,0
6198000,1,2,1
6199000,2,4,0
6200000,1,3,0
6201000,1,3,0
6202000,2,3,0
6203000,1,3,0
6204000,1,3,1
6205000,1,2,1
6206000,3,4,0
6207000,2,4,1
6208000,2,4,1
6209000,1,2,1
6210000,1,2,1
6211000,1,3,1
6212000,1,2,1
6213000,1,2,1
6214000,2,4,1
6215000,2,3,1
6216000,1,2,1
6217000,1,4,0
6218000,1,3,1
6219000,3,4,1
6220000,1,4,1
6221000,1,2,0
6222000,2,3,1
6223000,2,4,1
6224000,1,4,0
6225000,1,2,1
6226000,1,2,1
6227000,1,2,1
6228000,1,3,1
6229000,3,4,1
6230000,2,4,0
6231000,2,3,0
6232000,1,2,1
6233000,2,4,0
6234000,1,4,0
6235000,1,2,1
6236000,3,4,1
6237000,1,2,1
6238000,1,2,1
6239000,3,4,1
6240000,2,4,0
6241000,2,4,0
6242000,2,3,0
6243000,1,2,1
6244000,2,4,0
6245000,2,3,0
6246000,3,4,0
6247000,1,4,0
6248000,2,4,0
6249000,2,3,0
6250000,3,4,1
6251000,1,4,0
6252000,3,4,1
6253000,1,4,1
6254000,3,4,1
6255000,2,4,1
6256000,3,4,0
6257000,1,3,1
6258000,3,4,1
6259000,1,3,1
6260000,2,3,1
6261000,1,4,0
6262000,3,4,1
6263000,2,3,1
6264000,2,3,1
6265000,2,4,0
6266000,2,3,0
6267000,1,2,1
6268000,1,2,1
6269000,2,3,1
6270000,1,2,1
6271000,2,3,1
6272000,3,4,0
6273000,2,3,1
6274000,1,3,1
6275000,1,2,0
6276000,1,3,0
6277000,1,4,0
6278000,3,4,1
6279000,1,2,1
6280000,2,4,0
6281000,3,4,1
6282000,2,3,0
6283000,2,4,0
6284000,2,3,0
6285000,3,4,1
6286000,1,3,0
6287000,1,4,0
6288000,2,3,1
6289000,1,4,0
6290000,1,4,0
6291000,1,2,1
6292000,2,4,0
6293000,1,4,1
6294000,1,3,1
6295000,1,4,0
6296000,2,4,0
6297000,1,4,0
6298000,2,3,0
6299000,1,3,0
6300000,3,4,1
6301000,1,2,1
6302000,2,4,0
6303000,1,3,0
6304000,2,3,0
6305000,1,4,0
6306000,1,3,0
6307000,1,4,0
6308000,2,4,1
6309000,2,4,1
6310000,1,4,0
6311000,2,4,0
6312000,1,4,0
6313000,3,4,1
6314000,3,4,1
6315000,2,3,0
6316000,2,4,0
6317000,1,2,1
6318000,2,4,1
6319000,1,4,1
6320000,2,4,1
6321000,1,2,1
6322000,2,3,1
6323000,1,2,1
6324000,2,4,0
6325000,2,3,1
6326000,3,4,0
6327000,2,3,1
6328000,3,4,1
6329000,1,3,1
6330000,2,4,1
6331000,2,3,0
6332000,3,4,1
6333000,2,4,1
6334000,1,2,1
6335000,1,3,1
6336000,1,2,0
6337000,1,3,0
6338000,1,3,1
6339000,3,4,0
6340000,3,4,1
6341000,3,4,1
6342000,3,4,1
6343000,3,4,1
6344000,2,4,1
6345000,1,3,1
6346000,1,3,0
6347000,2,4,1
6348000,1,2,0
6349000,2,3,1
6350000,2,4,1
6351000,2,4,0
6352000,1,3,1
6353000,1,2,1
6354000,3,4,0
6355000,1,4,0
6356000,2,4,1
6357000,2,4,0
6358000,2,4,0
6359000,1,3,1
6360000,2,3,1
6361000,1,2,1
6362000,2,3,1
6363000,2,3,1
6364000,2,3,0
6365000,2,3,1
6366000,1,3,1
6367000,2,4,0
6368000,1,3,0
6369000,3,4,1
6370000,3,4,1
6371000,1,2,1
6372000,1,4,0
6373000,3,4,1
6374000,1,3,1
6375000,1,4,1
6376000,2,3,0
6377000,1,3,1
6378000,1,4,0
6379000,2,3,1
6380000,1,2,1
6381000,3,4,1
6382000,1,2,0
6383000,1,3,1
6384000,2,3,1
6385000,2,4,1
6386000,1,3,1
6387000,2,3,0
6388000,2,4,0
6389000,1,2,1
6390000,1,4,1
6391000,1,4,1
6392000,1,3,0
6393000,1,3,0
6394000,2,3,1
6395000,1,2,1
6396000,1,3,1
6397000,1,4,1
6398000,2,3,1
6399000,1,2,0
6400000,1,3,1
6401000,1,3,1
6402000,2,3,1
6403000,2,4,0
6404000,2,4,0
6405000,1,4,0
6406000,2,4,0
6407000,1,2,1
6408000,2,4,0
6409000,3,4,1
6410000,2,3,1
6411000,2,3,1
6412000,1,4,0
6413000,3,4,1
6414000,1,2,1
6415000,2,4,1
6416000,2,3,1
6417000,1,4,1
6418000,1,3,0
6419000,2,4,1
6420000,1,3,0
6421000,1,3,0
6422000,1,4,0
6423000,1,3,0
6424000,1,2,0
6425000,1,2,1
6426000,3,4,1
6427000,3,4,1
6428000,1,3,1
6429000,2,4,0
6430000,2,4,1
6431000,2,3,1
6432000,1,4,1
6433000,3,4,1
6434000,2,3,1
6435000,1,2,0
6436000,2,3,1
6437000,2,3,1
6438000,1,4,0
6439000,2,3,1
6440000,3,4,1
6441000,1,3,0
6442000,1,2,1
6443000,2,3,1
6444000,1,2,1
6445000,1,2,1
6446000,1,2,0
6447000,2,3,1
6448000,1,3,1
6449000,1,3,1
6450000,1,2,1
6451000,2,3,0
6452000,3,4,1
6453000,3,4,1
6454000,3,4,1
6455000,1,3,1
6456000,1,2,1
6457000,1,3,1
6458000,1,4,0
6459000,2,4,1
6460000,1,3,1
6461000,1,3,1
6462000,1,2,1
6463000,2,4,0
6464000,1,4,1
6465000,3,4,1
6466000,1,4,1
6467000,1,2,1
6468000,1,4,0
6469000,2,3,1
6470000,2,4,0
6471000,1,2,1
6472000,1,2,1
6473000,1,4,0
6474000,3,4,0
6475000,1,2,1
6476000,2,3,1
6477000,2,4,1
6478000,3,4,1
6479000,1,3,1
6480000,3,4,1
6481000,1,4,0
6482000,2,3,1
6483000,1,4,1
6484000,1,2,1
6485000,3,4,1
6486000,1,3,0
6487000,2,4,0
6488000,2,4,1
6489000,1,4,0
6490000,3,4,1
6491000,1,4,1
6492000,1,4,1
6493000,2,3,1
6494000,1,4,1
6495000,1,3,0
6496000,2,4,1
6497000,1,2,1
6498000,1,2,1
6499000,2,4,0
6500000,1,3,1
6501000,1,3,1
6502000,2,4,0
6503000,3,4,1
6504000,1,3,0
6505000,1,4,0
6506000,2,3,0
6507000,2,3,0
6508000,1,2,1
6509000,2,3,1
6510000,1,3,1
6511000,1,3,1
6512000,2,4,1
6513000,1,2,1
6514000,3,4,0
6515000,1,2,1
6516000,1,2,1
6517000,1,3,1
6518000,2,3,1
6519000,1,2,1
6520000,1,4,1
6521000,1,3,1
6522000,2,3,1
6523000,1,3,1
6524000,1,2,1
6525000,1,2,1
6526000,2,4,1
6527000,1,4,1
6528000,1,4,1
6529000,2,4,1
6530000,2,3,1
6531000,1,3,0
6532000,3,4,1
6533000,1,2,1
6534000,2,3,0
6535000,1,2,1
6536000,2,3,1
6537000,1,3,1
6538000,3,4,1
6539000,2,3,1
6540000,1,4,1
6541000,3,4,1
6542000,1,4,1
6543000,1,3,1
6544000,2,3,1
6545000,2,4,1
6546000,1,4,0
6547000,1,4,0
6548000,1,2,1
6549000,3,4,1
6550000,2,4,0
6551000,2,3,1
6552000,1,2,0
6553000,2,3,1
6554000,1,4,1
6555000,2,3,1
6556000,1,4,1
6557000,2,4,1
6558000,1,2,1
6559000,1,2,1
6560000,1,2,1
6561000,1,2,1
6562000,1,3,1
6563000,3,4,1
6564000,2,4,1
6565000,3,4,1
6566000,3,4,1
6567000,2,3,1
6568000,1,4,1
6569000,2,4,1
6570000,2,4,1
6571000,2,3,1
6572000,3,4,1
6573000,1,4,1
6574000,1,2,1
6575000,2,4,1
6576000,3,4,1
6577000,1,2,1
6578000,1,3,1
6579000,1,2,1
6580000,1,3,0
6581000,2,4,1
6582000,1,4,1
6583000,1,2,1
6584000,1,3,0
6585000,2,4,1
6586000,1,2,0
6587000,3,4,1
6588000,2,3,1
6589000,3,4,0
6590000,3,4,0
6591000,2,3,1
6592000,1,2,1
6593000,2,4,0
6594000,1,2,1
6595000,2,4,0
6596000,1,2,1
6597000,1,4,1
6598000,3,4,1
6599000,1,3,1
6600000,2,4,1
6601000,2,4,1
6602000,3,4,1
6603000,1,2,1
6604000,1,2,0
6605000,2,3,1
6606000,2,4,1
6607000,2,3,1
6608000,2,4,1
6609000,2,4,1
6610000,1,2,1
6611000,1,3,0
6612000,3,4,1
6613000,1,2,1
6614000,1,2,1
6615000,2,3,1
6616000,1,3,1
6617000,1,2,0
6618000,1,3,1
6619000,3,4,1
6620000,1,2,1
6621000,1,3,1
6622000,1,3,1
6623000,1,4,1
6624000,2,3,1
6625000,1,4,0
6626000,3,4,1
6627000,1,2,1
6628000,2,4,1
6629000,1,4,1
6630000,3,4,1
6631000,2,4,0
6632000,1,2,1
6633000,2,4,0
6634000,1,3,1
6635000,2,3,1
6636000,2,4,1
6637000,1,4,1
6638000,2,3,1
6639000,2,4,0
6640000,1,3,0
6641000,3,4,1
6642000,1,4,0
6643000,3,4,1
6644000,2,3,1
6645000,2,3,1
6646000,1,3,0
6647000,1,3,0
6648000,1,4,1
6649000,3,4,1
6650000,2,3,1
6651000,1,2,1
6652000,1,3,1
6653000,1,3,1
6654000,1,3,0
6655000,1,3,0
6656000,1,3,1
6657000,3,4,1
6658000,2,4,1
6659000,1,3,1
6660000,2,3,1
6661000,2,3,1
6662000,1,4,1
6663000,1,2,1
6664000,1,3,1
6665000,1,3,1
6666000,1,2,1
6667000,1,2,1
6668000,1,4,1
6669000,1,2,1
6670000,1,3,1
6671000,3,4,1
6672000,1,2,0
6673000,2,4,1
6674000,1,2,1
6675000,2,3,1
6676000,2,4,1
6677000,2,3,1
6678000,1,4,1
6679000,3,4,1
6680000,1,2,1
6681000,1,2,1
6682000,1,3,1
6683000,3,4,0
6684000,2,3,0
6685000,3,4,1
6686000,2,4,1
6687000,1,3,1
6688000,3,4,1
6689000,2,4,0
6690000,2,4,1
6691000,2,4,1
6692000,1,2,1
6693000,1,4,1
6694000,1,4,1
6695000,2,3,1
6696000,1,2,1
6697000,2,3,1
6698000,1,4,1
6699000,2,4,1
6700000,1,4,1
6701000,2,4,0
6702000,2,4,0
6703000,3,4,1
6704000,1,3,1
6705000,2,3,0
6706000,2,3,1
6707000,2,4,1
6708000,2,4,0
6709000,1,2,1
6710000,1,4,1
6711000,2,4,1
6712000,2,3,1
6713000,3,4,0
6714000,1,2,1
6715000,2,3,1
6716000,2,4,1
6717000,1,4,0
6718000,1,4,1
6719000,1,4,1
6720000,3,4,1
6721000,2,4,1
6722000,1,3,1
6723000,1,4,0
6724000,2,3,1
6725000,2,4,0
6726000,2,3,1
6727000,1,3,1
6728000,1,2,1
6729000,2,4,1
6730000,2,3,1
6731000,2,4,1
6732000,3,4,1
6733000,1,4,1
6734000,2,4,1
6735000,3,4,1
6736000,2,4,1
6737000,2,3,1
6738000,1,2,1
6739000,3,4,1
6740000,1,2,0
6741000,2,4,1
6742000,1,3,1
6743000,3,4,1
6744000,1,2,1
6745000,1,4,1
6746000,1,4,1
6747000,3,4,1
6748000,1,4,1
6749000,1,4,1
6750000,1,2,0
6751000,1,4,1
6752000,3,4,1
6753000,1,3,1
6754000,1,2,0
6755000,1,2,1
6756000,3,4,1
6757000,3,4,0
6758000,1,4,1
6759000,2,4,1
6760000,2,3,1
6761000,2,4,0
6762000,1,2,1
6763000,1,2,0
6764000,3,4,1
6765000,2,4,1
6766000,1,3,1
6767000,2,4,1
6768000,2,4,1
6769000,2,4,1
6770000,2,4,1
6771000,1,2,0
6772000,3,4,1
6773000,1,4,1
6774000,2,4,1
6775000,1,2,1
6776000,2,4,1
6777000,2,3,1
6778000,2,3,1
6779000,1,3,0
6780000,1,2,1
6781000,2,3,1
6782000,1,4,1
6783000,2,3,1
6784000,2,3,1
6785000,1,2,1
6786000,2,3,1
6787000,2,3,1
6788000,1,3,1
6789000,1,2,1
6790000,2,3,1
6791000,1,4,0
6792000,1,4,1
6793000,1,4,1
6794000,2,4,1
6795000,1,2,1
6796000,2,4,0
6797000,1,3,1
6798000,2,3,1
6799000,2,3,1
6800000,2,4,0
6801000,1,3,1
6802000,1,4,0
6803000,1,2,1
6804000,1,4,0
6805000,3,4,1
6806000,1,2,0
6807000,3,4,1
6808000,1,4,0
6809000,2,3,1
6810000,2,4,1
6811000,2,4,1
6812000,1,2,0
6813000,3,4,1
6814000,2,4,1
6815000,1,4,1
6816000,1,4,1
6817000,1,4,1
6818000,1,2,1
6819000,2,4,1
6820000,1,4,1
6821000,1,4,1
6822000,1,4,1
6823000,2,4,0
6824000,1,2,1
6825000,2,3,1
6826000,2,3,1
6827000,1,4,0
6828000,1,3,0
6829000,1,2,1
6830000,3,4,1
6831000,3,4,1
6832000,1,3,1
6833000,1,3,1
6834000,2,4,0
6835000,2,3,1
6836000,2,4,1
6837000,2,3,1
6838000,2,3,1
6839000,2,4,1
6840000,2,3,1
6841000,1,2,1
6842000,3,4,1
6843000,2,4,0
6844000,2,3,1
6845000,1,3,1
6846000,3,4,1
6847000,2,3,1
6848000,1,3,1
6849000,1,4,1
6850000,2,4,1
6851000,1,4,1
6852000,1,2,1
6853000,1,4,1
6854000,2,3,1
6855000,2,3,1
6856000,2,4,1
6857000,1,3,1
6858000,1,4,0
6859000,2,3,1
6860000,1,3,0
6861000,2,3,0
6862000,1,4,1
6863000,2,4,1
6864000,1,3,1
6865000,2,4,1
6866000,2,3,1
6867000,2,4,1
6868000,2,4,1
6869000,2,3,1
6870000,1,3,1
6871000,1,3,1
6872000,1,3,1
6873000,2,4,1
6874000,3,4,1
6875000,3,4,1
6876000,1,3,1
6877000,3,4,1
6878000,1,3,1
6879000,2,4,1
6880000,3,4,1
6881000,2,3,1
6882000,3,4,1
6883000,1,4,1
6884000,2,3,0
6885000,1,4,1
6886000,1,3,1
6887000,1,4,1
6888000,1,3,1
6889000,3,4,1
6890000,2,3,1
6891000,2,4,1
6892000,2,3,1
6893000,2,3,1
6894000,2,3,1
6895000,1,2,1
6896000,2,3,1
6897000,2,4,1
6898000,1,2,0
6899000,1,4,1
6900000,1,2,1
6901000,1,3,1
6902000,3,4,1
6903000,2,4,1
6904000,3,4,1
6905000,1,4,1
6906000,2,3,1
6907000,1,3,1
6908000,1,3,1
6909000,2,4,1
6910000,1,2,1
6911000,2,3,1
6912000,1,3,1
6913000,2,4,1
6914000,1,4,0
6915000,1,2,0
6916000,1,2,0
6917000,2,4,0
6918000,1,2,1
6919000,1,3,1
6920000,1,2,1
6921000,1,4,0
6922000,1,4,0
6923000,1,3,1
6924000,2,3,1
6925000,3,4,1
6926000,1,4,1
6927000,2,4,0
6928000,3,4,1
6929000,3,4,1
6930000,1,4,1
6931000,1,2,1
6932000,1,4,1
6933000,3,4,1
6934000,3,4,0
6935000,1,4,1
6936000,2,3,1
6937000,1,4,1
6938000,1,4,0
6939000,2,4,0
6940000,1,2,1
6941000,2,3,1
6942000,2,4,0
6943000,1,3,1
6944000,1,2,0
6945000,1,3,1
6946000,1,3,1
6947000,1,4,0
6948000,1,3,1
6949000,2,3,1
6950000,1,2,0
6951000,1,4,0
6952000,1,3,1
6953000,3,4,1
6954000,1,4,1
6955000,2,4,0
6956000,2,3,1
6957000,2,4,1
6958000,3,4,1
6959000,1,4,0
6960000,1,3,0
6961000,2,4,1
6962000,1,2,0
6963000,1,2,1
6964000,1,3,0
6965000,1,4,0
6966000,1,4,0
6967000,3,4,1
6968000,2,3,1
6969000,2,3,1
6970000,2,4,1
6971000,3,4,1
6972000,1,4,0
6973000,1,2,1
6974000,1,4,1
6975000,3,4,0
6976000,1,2,1
6977000,1,2,1
6978000,1,2,1
6979000,2,3,1
6980000,1,3,1
6981000,1,4,1
6982000,2,4,0
6983000,1,4,1
6984000,2,4,1
6985000,1,3,1
6986000,3,4,1
6987000,2,4,1
6988000,1,3,1
6989000,3,4,1
6990000,1,4,1
6991000,1,3,1
6992000,1,4,1
6993000,3,4,1
6994000,1,4,1
6995000,1,4,0
6996000,1,4,1
6997000,2,4,1
6998000,2,3,1
6999000,2,3,1
7000000,1,2,1
7001000,1,2,1
7002000,1,2,1
7003000,2,4,1
7004000,1,2,1
7005000,2,3,1
7006000,1,2,1
7007000,1,2,1
7008000,2,3,1
7009000,3,4,1
7010000,1,4,1
7011000,1,2,1
7012000,1,4,0
7013000,3,4,0
7014000,1,4,1
7015000,3,4,0
7016000,1,3,1
7017000,2,4,1
7018000,2,4,1
7019000,1,2,1
7020000,2,4,1
7021000,2,4,1
7022000,2,4,1
7023000,1,2,1
7024000,2,4,1
7025000,1,3,1
7026000,3,4,0
7027000,1,2,1
7028000,1,3,1
7029000,3,4,1
7030000,1,4,1
7031000,2,4,1
7032000,1,3,1
7033000,1,4,1
7034000,2,4,0
7035000,1,2,1
7036000,2,3,1
7037000,2,3,1
7038000,2,4,0
7039000,1,2,1
7040000,3,4,1
7041000,2,3,1
7042000,2,3,1
7043000,3,4,1
7044000,2,3,1
7045000,3,4,0
7046000,1,2,1
7047000,2,4,1
7048000,1,4,1
7049000,3,4,1
7050000,3,4,1
7051000,1,3,1
7052000,1,2,1
7053000,2,3,1
7054000,2,4,1
7055000,2,4,1
7056000,2,4,1
7057000,2,3,1
7058000,1,2,1
7059000,2,4,1
7060000,2,4,1
7061000,1,3,1
7062000,2,3,1
7063000,3,4,1
7064000,1,4,0
7065000,2,4,0
7066000,1,2,1
7067000,1,2,0
7068000,1,4,0
7069000,1,3,1
7070000,1,2,1
7071000,2,4,1
7072000,1,3,1
7073000,1,3,1
7074000,3,4,1
7075000,1,3,1
7076000,2,4,1
7077000,1,3,1
7078000,1,4,0
7079000,1,2,1
7080000,3,4,1
7081000,3,4,1
7082000,1,2,1
7083000,1,4,0
7084000,1,4,0
7085000,2,4,0
7086000,2,4,0
7087000,1,2,1
7088000,2,4,1
7089000,1,4,0
7090000,1,4,1
7091000,1,2,0
7092000,2,3,1
7093000,3,4,1
7094000,2,3,1
7095000,1,3,0
7096000,2,3,1
7097000,2,3,1
7098000,1,3,0
7099000,3,4,1
7100000,1,2,1
7101000,2,3,0
7102000,1,3,0
7103000,2,4,1
7104000,3,4,1
7105000,1,3,1
7106000,3,4,1
7107000,1,3,1
7108000,2,4,1
7109000,1,4,1
7110000,3,4,1
7111000,3,4,1
7112000,3,4,1
7113000,2,4,1
7114000,2,4,1
7115000,1,4,1
7116000,2,3,0
7117000,3,4,1
7118000,1,4,1
7119000,1,4,1
7120000,1,4,0
7121000,1,2,1
7122000,3,4,1
7123000,3,4,1
7124000,1,3,1
7125000,2,4,1
7126000,2,3,1
7127000,2,3,1
7128000,1,4,1
7129000,1,4,1
7130000,1,2,1
7131000,1,3,1
7132000,1,3,0
7133000,2,4,1
7134000,1,4,1
7135000,2,3,1
7136000,3,4,1
7137000,2,3,1
7138000,1,4,1
7139000,1,4,1
7140000,1,2,1
7141000,2,4,1
7142000,1,4,0
7143000,1,4,1
7144000,2,4,1
7145000,1,3,1
7146000,1,4,1
7147000,3,4,1
7148000,1,2,1
7149000,3,4,1
7150000,2,3,0
7151000,2,4,0
7152000,3,4,1
7153000,1,4,1
7154000,1,3,1
7155000,3,4,1
7156000,3,4,1
7157000,1,3,0
7158000,1,4,1
7159000,1,2,1
7160000,2,3,1
7161000,2,3,1
7162000,3,4,1
7163000,1,3,1
7164000,3,4,1
7165000,3,4,1
7166000,2,3,1
7167000,2,4,0
7168000,1,4,0
7169000,3,4,1
7170000,1,3,1
7171000,2,3,1
7172000,1,3,1
7173000,3,4,1
7174000,1,3,1
7175000,2,4,1
7176000,1,3,1
7177000,1,3,1
7178000,1,4,0
7179000,1,4,0
7180000,3,4,1
7181000,2,4,1
7182000,1,3,0
7183000,1,4,0
7184000,1,3,1
7185000,2,3,1
7186000,2,4,1
7187000,1,2,1
7188000,2,3,1
7189000,1,3,1
7190000,2,3,1
7191000,2,4,1
7192000,1,4,1
7193000,2,4,0
7194000,2,3,1
7195000,3,4,1
7196000,1,4,1
7197000,1,4,0
7198000,1,2,0
7199000,2,3,1
7200000,2,3,1
7201000,2,3,0
7202000,2,3,0
7203000,3,4,1
7204000,3,4,1
7205000,1,2,1
7206000,3,4,1
7207000,2,4,0
7208000,1,2,1
7209000,1,2,1
7210000,1,4,0
7211000,1,2,1
7212000,1,3,1
7213000,3,4,0
7214000,3,4,0
7215000,3,4,0
7216000,1,4,1
7217000,2,4,0
7218000,1,4,1
7219000,2,3,1
7220000,1,2,1
7221000,3,4,1
7222000,2,4,1
7223000,3,4,1
7224000,1,2,1
7225000,1,4,0
7226000,2,4,0
7227000,2,3,1
7228000,1,3,1
7229000,1,2,1
7230000,1,2,1
7231000,2,4,1
7232000,1,2,1
7233000,1,4,1
7234000,1,2,1
7235000,3,4,1
7236000,1,2,1
7237000,3,4,1
7238000,1,2,1
7239000,3,4,1
7240000,3,4,1
7241000,1,2,1
7242000,1,3,1
7243000,1,2,1
7244000,3,4,1
7245000,1,3,1
7246000,1,3,1
7247000,3,4,1
7248000,1,4,0
7249000,1,3,0
7250000,1,2,1
7251000,1,2,1
7252000,1,4,0
7253000,2,4,1
7254000,1,3,1
7255000,2,4,1
7256000,2,3,1
7257000,1,4,1
7258000,2,3,1
7259000,3,4,1
7260000,2,3,1
7261000,2,3,1
7262000,2,4,1
7263000,1,2,1
7264000,3,4,1
7265000,1,2,1
7266000,2,4,1
7267000,1,2,1
7268000,1,4,1
7269000,2,4,1
7270000,2,3,1
7271000,1,4,1
7272000,1,4,1
7273000,2,4,0
7274000,2,4,0
7275000,1,2,0
7276000,2,4,0
7277000,1,4,0
7278000,2,3,1
7279000,3,4,1
7280000,2,3,1
7281000,3,4,1
7282000,3,4,0
7283000,3,4,1
7284000,3,4,1
7285000,2,3,1
7286000,1,2,1
7287000,3,4,1
7288000,2,3,0
7289000,3,4,1
7290000,1,4,0
7291000,1,3,0
7292000,2,4,0
7293000,1,4,0
7294000,2,3,1
7295000,1,3,1
7296000,3,4,0
7297000,1,2,1
7298000,2,3,1
7299000,1,4,1
7300000,2,4,0
7301000,1,4,0
7302000,1,3,1
7303000,1,3,0
7304000,1,4,0
7305000,1,2,1
7306000,1,4,0
7307000,2,4,1
7308000,1,3,0
7309000,2,3,1
7310000,3,4,1
7311000,1,2,0
7312000,3,4,1
7313000,3,4,1
7314000,2,4,1
7315000,1,4,1
7316000,1,4,1
7317000,2,4,1
7318000,2,4,1
7319000,1,2,1
7320000,1,3,1
7321000,1,4,1
7322000,2,3,0
7323000,3,4,1
7324000,2,3,1
7325000,3,4,1
7326000,2,3,1
7327000,1,3,1
7328000,1,4,1
7329000,1,3,1
7330000,1,2,1
7331000,1,2,1
7332000,1,2,1
7333000,3,4,1
7334000,1,2,1
7335000,2,4,1
7336000,1,3,1
7337000,3,4,0
7338000,2,3,0
7339000,1,3,0
7340000,1,3,0
7341000,1,4,0
7342000,2,3,1
7343000,1,4,0
7344000,1,2,1
7345000,2,4,0
7346000,2,3,1
7347000,2,4,0
7348000,1,2,1
7349000,1,3,1
7350000,1,3,1
7351000,2,4,1
7352000,1,2,0
7353000,1,2,0
7354000,1,3,0
7355000,1,3,1
7356000,3,4,1
7357000,1,4,1
7358000,2,4,1
7359000,2,4,0
7360000,1,3,1
7361000,1,2,1
7362000,1,4,0
7363000,1,4,1
7364000,2,3,1
7365000,1,4,1
7366000,1,4,0
7367000,3,4,1
7368000,1,2,1
7369000,1,3,1
7370000,1,4,1
7371000,2,4,0
7372000,2,3,1
7373000,1,3,1
7374000,1,2,1
7375000,1,4,0
7376000,2,3,0
7377000,1,3,0
7378000,1,3,1
7379000,1,2,1
7380000,1,4,0
7381000,1,3,1
7382000,1,4,0
7383000,1,2,1
7384000,1,2,1
7385000,1,4,0
7386000,1,4,0
7387000,2,4,0
7388000,3,4,1
7389000,3,4,1
7390000,1,2,1
7391000,1,3,1
7392000,1,4,0
7393000,1,4,0
7394000,1,2,1
7395000,1,3,0
7396000,1,4,0
7397000,2,3,0
7398000,1,3,1
7399000,1,4,1
7400000,1,4,1
7401000,2,4,0
7402000,1,3,1
7403000,2,4,1
7404000,1,2,1
7405000,3,4,1
7406000,3,4,0
7407000,3,4,1
7408000,1,2,1
7409000,1,2,0
7410000,1,2,0
7411000,3,4,1
7412000,1,2,0
7413000,1,3,1
7414000,1,3,1
7415000,1,4,0
7416000,1,3,1
7417000,1,3,1
7418000,3,4,0
7419000,2,3,1
7420000,1,2,1
7421000,3,4,0
7422000,1,4,0
7423000,1,3,0
7424000,1,2,1
7425000,2,4,0
7426000,1,2,1
7427000,1,3,1
7428000,1,3,1
7429000,2,3,1
7430000,2,4,1
7431000,3,4,1
7432000,1,4,1
7433000,2,3,1
7434000,1,3,1
7435000,1,4,1
7436000,1,3,1
7437000,3,4,1
7438000,2,4,1
7439000,1,3,1
7440000,1,2,1
7441000,2,4,1
7442000,2,4,1
7443000,1,4,0
7444000,1,2,1
7445000,1,4,1
7446000,1,3,1
7447000,1,3,1
7448000,1,2,1
7449000,1,4,0
7450000,1,2,1
7451000,2,4,0
7452000,2,4,0
7453000,3,4,1
7454000,1,3,1
7455000,3,4,1
7456000,1,3,1
7457000,3,4,1
7458000,2,3,0
7459000,1,2,1
7460000,1,3,0
7461000,1,2,1
7462000,2,4,0
7463000,3,4,1
7464000,3,4,1
7465000,2,4,1
7466000,3,4,1
7467000,1,2,1
7468000,2,4,0
7469000,1,2,1
7470000,1,2,1
7471000,1,2,1
7472000,3,4,0
7473000,1,2,1
7474000,3,4,1
7475000,3,4,1
7476000,2,3,1
7477000,2,3,1
7478000,3,4,0
7479000,2,4,1
7480000,1,3,1
7481000,2,4,1
7482000,3,4,1
7483000,3,4,1
7484000,2,3,1
7485000,2,3,1
7486000,3,4,1
7487000,1,4,0
7488000,2,4,1
7489000,1,4,1
7490000,1,3,0
7491000,1,3,0
7492000,1,4,1
7493000,3,4,1
7494000,1,4,0
7495000,3,4,1
7496000,3,4,1
7497000,2,4,1
7498000,3,4,1
7499000,2,4,1
7500000,2,3,1
7501000,1,2,0
7502000,1,4,1
7503000,3,4,1
7504000,2,3,1
7505000,3,4,1
7506000,3,4,1
7507000,1,2,1
7508000,1,3,0
7509000,2,3,1
7510000,3,4,1
7511000,1,2,1
7512000,3,4,1
7513000,2,4,0
7514000,1,4,1
7515000,2,3,1
7516000,1,2,1
7517000,2,3,1
7518000,1,3,1
7519000,1,2,1
7520000,1,3,0
7521000,1,2,1
7522000,2,3,0
7523000,2,4,1
7524000,3,4,1
7525000,1,3,1
7526000,2,3,1
7527000,2,3,0
7528000,1,3,0
7529000,2,4,1
7530000,1,3,0
7531000,1,4,0
7532000,1,3,0
7533000,1,2,0
7534000,2,3,1
7535000,2,3,1
7536000,2,3,1
7537000,1,3,1
7538000,2,4,1
7539000,2,3,1
7540000,1,4,1
7541000,2,4,0
7542000,1,3,1
7543000,3,4,1
7544000,1,2,1
7545000,1,4,0
7546000,1,3,0
7547000,2,4,0
7548000,2,4,1
7549000,2,4,1
7550000,1,4,0
7551000,1,4,0
7552000,1,3,0
7553000,1,4,0
7554000,3,4,1
7555000,2,4,0
7556000,1,4,0
7557000,1,4,0
7558000,3,4,1
7559000,2,3,0
7560000,3,4,1
7561000,1,4,0
7562000,2,3,0
7563000,2,3,1
7564000,3,4,1
7565000,2,3,1
7566000,1,2,1
7567000,1,3,1
7568000,1,3,0
7569000,1,4,1
7570000,1,2,1
7571000,1,2,1
7572000,2,4,0
7573000,1,3,0
7574000,1,4,0
7575000,2,4,0
7576000,2,3,0
7577000,1,4,0
7578000,1,4,0
7579000,1,3,1
7580000,1,3,1
7581000,1,4,1
7582000,1,3,1
7583000,3,4,1
7584000,1,3,1
7585000,2,3,1
7586000,1,3,1
7587000,1,2,1
7588000,1,4,1
7589000,1,4,1
7590000,2,3,1
7591000,3,4,1
7592000,1,4,1
7593000,3,4,0
7594000,1,3,1
7595000,1,3,1
7596000,2,4,0
7597000,1,2,1
7598000,1,3,0
7599000,2,4,0
7600000,2,4,0
7601000,2,4,0
7602000,1,4,0
7603000,2,4,0
7604000,3,4,1
7605000,2,4,0
7606000,1,2,1
7607000,2,3,0
7608000,1,3,0
7609000,1,2,1
7610000,1,2,1
7611000,2,3,1
7612000,1,2,0
7613000,1,3,1
7614000,1,2,1
7615000,1,4,1
7616000,2,3,1
7617000,2,4,0
7618000,1,2,1
7619000,1,2,1
7620000,3,4,1
7621000,1,2,1
7622000,2,4,1
7623000,2,3,0
7624000,2,4,0
7625000,3,4,1
7626000,2,4,1
7627000,2,3,1
7628000,1,2,1
7629000,3,4,1
7630000,2,4,1
7631000,2,3,1
7632000,1,2,1
7633000,2,4,1
7634000,2,4,0
7635000,2,4,0
7636000,1,4,0
7637000,1,4,0
7638000,2,4,0
7639000,1,2,1
7640000,1,4,0
7641000,2,3,1
7642000,2,4,1
7643000,1,2,1
7644000,2,4,0
7645000,2,3,1
7646000,1,4,1
7647000,1,4,1
7648000,2,3,1
7649000,1,4,1
7650000,2,3,0
7651000,2,3,1
7652000,1,4,1
7653000,1,2,1
7654000,2,4,1
7655000,2,3,1
7656000,3,4,1
7657000,2,4,0
7658000,1,4,1
7659000,2,3,1
7660000,3,4,1
7661000,2,4,1
7662000,1,3,1
7663000,2,4,1
7664000,1,4,1
7665000,1,4,0
7666000,1,3,1
7667000,2,4,1
7668000,1,2,1
7669000,2,4,1
7670000,2,3,1
7671000,1,4,0
7672000,2,4,1
7673000,1,2,1
7674000,1,2,1
7675000,1,3,0
7676000,1,4,1
7677000,3,4,1
7678000,1,4,0
7679000,3,4,1
7680000,1,2,1
7681000,2,4,1
7682000,1,4,1
7683000,1,4,0
7684000,3,4,1
7685000,1,4,0
7686000,2,4,0
7687000,2,4,1
7688000,3,4,1
7689000,1,4,0
7690000,2,4,1
7691000,2,4,1
7692000,2,3,1
7693000,3,4,1
7694000,2,3,0
7695000,1,3,1
7696000,1,2,1
7697000,2,3,1
7698000,3,4,1
7699000,1,2,1
7700000,1,3,1
7701000,1,4,0
7702000,1,4,1
7703000,1,4,1
7704000,1,4,1
7705000,1,2,1
7706000,1,3,1
7707000,1,3,1
7708000,2,3,1
7709000,2,3,1
7710000,2,3,1
7711000,1,2,1
7712000,2,4,0
7713000,3,4,1
7714000,2,4,0
7715000,1,4,0
7716000,3,4,1
7717000,2,4,0
7718000,1,3,0
7719000,1,2,1
7720000,1,2,1
7721000,2,3,1
7722000,1,2,1
7723000,1,3,1
7724000,2,4,1
7725000,1,3,1
7726000,1,2,1
7727000,1,4,1
7728000,1,3,1
7729000,2,3,1
7730000,1,2,1
7731000,3,4,1
7732000,3,4,1
7733000,2,3,0
7734000,3,4,1
7735000,2,4,0
7736000,2,3,1
7737000,2,4,1
7738000,2,3,1
7739000,2,4,0
7740000,1,2,1
7741000,1,3,0
7742000,1,4,1
7743000,1,3,1
7744000,3,4,1
7745000,2,4,0
7746000,1,4,1
7747000,1,3,1
7748000,1,2,1
7749000,1,3,0
7750000,1,2,1
7751000,1,4,0
7752000,2,4,1
7753000,2,4,1
7754000,1,2,1
7755000,1,2,1
7756000,1,3,1
7757000,1,2,1
7758000,1,3,1
7759000,1,3,1
7760000,1,2,1
7761000,2,3,1
7762000,3,4,0
7763000,1,3,1
7764000,1,4,0
7765000,1,4,0
7766000,2,3,1
7767000,1,3,1
7768000,1,3,1
7769000,1,2,1
7770000,3,4,1
7771000,1,4,1
7772000,3,4,1
7773000,1,4,0
7774000,2,4,0
7775000,3,4,1
7776000,1,4,0
7777000,2,4,0
7778000,1,4,0
7779000,1,2,1
7780000,2,4,0
7781000,2,3,1
7782000,2,3,1
7783000,1,2,1
7784000,1,2,1
7785000,2,4,0
7786000,1,4,0
7787000,1,4,0
7788000,1,3,0
7789000,2,4,0
7790000,1,3,1
7791000,2,3,1
7792000,3,4,1
7793000,3,4,1
7794000,1,3,1
7795000,2,4,1
7796000,2,4,1
7797000,1,3,0
7798000,1,3,0
7799000,1,3,0
7800000,1,2,1
7801000,2,4,0
7802000,1,3,0
7803000,1,4,0
7804000,1,2,1
7805000,1,3,1
7806000,2,3,1
7807000,1,3,1
7808000,1,4,1
7809000,2,4,0
7810000,3,4,1
7811000,1,3,1
7812000,1,3,1
7813000,1,2,1
7814000,1,2,1
7815000,2,4,0
7816000,2,4,0
7817000,1,3,1
7818000,2,4,0
7819000,3,4,1
7820000,2,4,1
7821000,2,3,1
7822000,1,3,1
7823000,1,4,1
7824000,2,4,1
7825000,3,4,0
7826000,3,4,0
7827000,1,2,0
7828000,3,4,0
7829000,2,4,1
7830000,1,3,1
7831000,2,4,1
7832000,1,2,1
7833000,1,4,1
7834000,2,3,1
7835000,1,4,1
7836000,3,4,1
7837000,1,2,1
7838000,3,4,1
7839000,1,2,0
7840000,2,3,1
7841000,3,4,1
7842000,1,3,0
7843000,2,3,1
7844000,1,3,1
7845000,1,3,1
7846000,1,3,1
7847000,2,3,1
7848000,2,4,1
7849000,2,3,1
7850000,1,4,0
7851000,3,4,1
7852000,1,4,0
7853000,1,3,1
7854000,1,2,1
7855000,2,4,1
7856000,2,3,1
7857000,1,3,1
7858000,2,4,0
7859000,1,4,1
7860000,1,3,0
7861000,1,3,1
7862000,1,2,1
7863000,3,4,1
7864000,2,3,1
7865000,2,3,1
7866000,1,3,0
7867000,1,2,0
7868000,1,4,1
7869000,1,3,1
7870000,1,3,1
7871000,1,3,1
7872000,2,4,1
7873000,1,3,1
7874000,1,3,0
7875000,1,3,0
7876000,3,4,1
7877000,3,4,1
7878000,3,4,1
7879000,1,4,0
7880000,1,2,1
7881000,1,2,1
7882000,1,3,1
7883000,2,3,1
7884000,3,4,0
7885000,1,3,1
7886000,1,3,0
7887000,1,4,0
7888000,3,4,1
7889000,3,4,1
7890000,1,3,0
7891000,2,4,0
7892000,3,4,1
7893000,2,4,1
7894000,1,4,1
7895000,1,3,0
7896000,1,2,0
7897000,2,3,1
7898000,1,2,1
7899000,2,3,1
7900000,2,4,1
7901000,1,3,1
7902000,1,3,1
7903000,1,2,1
7904000,1,2,1
7905000,1,2,1
7906000,2,4,0
7907000,1,4,0
7908000,3,4,0
7909000,2,4,1
7910000,1,3,1
7911000,2,3,1
7912000,2,3,0
7913000,1,4,0
7914000,2,3,0
7915000,1,2,1
7916000,3,4,1
7917000,3,4,1
7918000,2,4,0
7919000,1,3,0
7920000,2,4,0
7921000,1,3,1
7922000,1,3,1
7923000,2,4,0
7924000,1,2,1
7925000,2,4,0
7926000,2,3,1
7927000,2,4,1
7928000,2,3,1
7929000,2,3,0
7930000,2,3,0
7931000,3,4,1
7932000,1,4,0
7933000,1,2,1
7934000,1,2,1
7935000,1,2,1
7936000,1,4,1
7937000,1,3,1
7938000,1,4,1
7939000,1,4,0
7940000,1,4,0
7941000,2,4,0
7942000,2,4,0
7943000,2,3,0
7944000,2,3,1
7945000,3,4,1
7946000,3,4,1
7947000,1,2,0
7948000,1,3,1
7949000,2,4,0
7950000,1,3,0
7951000,1,2,1
7952000,2,3,0
7953000,1,4,0
7954000,2,4,0
7955000,2,4,0
7956000,3,4,1
7957000,2,3,1
7958000,3,4,1
7959000,2,3,1
7960000,1,3,1
7961000,1,4,1
7962000,1,2,1
7963000,1,2,1
7964000,1,4,0
7965000,2,3,1
7966000,1,3,1
7967000,1,4,0
7968000,2,3,1
7969000,3,4,1
7970000,2,4,0
7971000,3,4,1
7972000,1,3,0
7973000,2,4,1
7974000,1,3,0
7975000,1,3,1
7976000,2,4,1
7977000,1,3,1
7978000,1,4,0
7979000,3,4,1
7980000,1,4,1
7981000,3,4,1
7982000,1,2,1
7983000,1,2,1
7984000,1,2,1
7985000,1,3,1
7986000,1,2,1
7987000,2,3,1
7988000,2,4,0
7989000,3,4,1
7990000,1,3,1
7991000,1,4,1
7992000,1,2,1
7993000,1,4,1
7994000,3,4,1
7995000,1,4,1
7996000,2,3,1
7997000,1,2,1
7998000,2,4,0
7999000,3,4,1
8000000,1,4,1
8001000,1,4,1
8002000,1,4,1
8003000,1,3,1
8004000,1,2,1
8005000,1,3,1
8006000,2,4,1
8007000,1,2,1
8008000,2,3,1
8009000,2,3,1
8010000,2,3,1
8011000,1,2,1
8012000,1,2,1
8013000,2,3,1
8014000,2,3,1
8015000,1,4,0
8016000,1,2,1
8017000,1,4,1
8018000,3,4,1
8019000,2,3,1
8020000,2,4,1
8021000,1,2,1
8022000,1,2,0
8023000,2,4,1
8024000,1,2,0
8025000,3,4,1
8026000,1,3,1
8027000,1,2,1
8028000,1,2,1
8029000,3,4,1
8030000,1,4,1
8031000,2,3,1
8032000,1,3,0
8033000,2,4,1
8034000,2,3,1
8035000,1,3,1
8036000,2,3,1
8037000,1,4,1
8038000,2,3,1
8039000,1,2,1
8040000,2,3,1
8041000,1,3,1
8042000,2,3,0
8043000,2,3,1
8044000,2,3,1
8045000,1,2,1
8046000,3,4,1
8047000,1,3,1
8048000,2,3,1
8049000,1,3,1
8050000,2,4,0
8051000,1,3,0
8052000,1,3,1
8053000,2,3,1
8054000,2,4,1
8055000,3,4,1
8056000,3,4,0
8057000,3,4,1
8058000,2,3,1
8059000,2,4,1
8060000,3,4,1
8061000,1,2,1
8062000,2,3,1
8063000,1,4,0
8064000,1,4,1
8065000,1,3,1
8066000,2,4,1
8067000,3,4,1
8068000,1,3,1
8069000,2,3,0
8070000,1,2,1
8071000,2,4,0
8072000,2,4,1
8073000,1,3,1
8074000,2,4,1
8075000,2,4,0
8076000,1,4,0
8077000,1,3,1
8078000,1,3,0
8079000,1,4,0
8080000,3,4,1
8081000,2,4,0
8082000,2,3,1
8083000,1,3,1
8084000,3,4,1
8085000,1,4,1
8086000,1,3,0
8087000,1,4,1
8088000,1,4,1
8089000,1,3,0
8090000,3,4,1
8091000,2,4,1
8092000,1,2,1
8093000,1,2,1
8094000,3,4,1
8095000,1,3,1
8096000,2,3,1
8097000,3,4,1
8098000,2,3,1
8099000,3,4,1
8100000,1,2,1
8101000,2,3,1
8102000,1,4,1
8103000,3,4,1
8104000,1,3,1
8105000,1,3,0
8106000,2,4,1
8107000,1,4,0
8108000,1,4,0
8109000,2,3,1
8110000,2,4,0
8111000,3,4,1
8112000,1,4,0
8113000,1,4,0
8114000,1,3,0
8115000,1,3,0
8116000,1,4,0
8117000,2,4,0
8118000,1,3,0
8119000,1,4,0
8120000,2,4,0
8121000,2,4,0
8122000,1,4,0
8123000,2,4,1
8124000,1,2,0
8125000,1,3,0
8126000,1,2,1
8127000,1,3,1
8128000,2,3,1
8129000,3,4,1
8130000,1,3,1
8131000,2,4,1
8132000,1,2,1
8133000,1,2,1
8134000,1,2,1
8135000,2,3,1
8136000,3,4,0
8137000,2,3,1
8138000,2,4,0
8139000,2,4,0
8140000,1,4,1
8141000,2,4,1
8142000,2,4,1
8143000,2,4,1
8144000,3,4,1
8145000,1,2,1
8146000,1,3,1
8147000,2,4,1
8148000,1,4,0
8149000,2,4,1
8150000,2,3,1
8151000,3,4,1
8152000,1,3,1
8153000,1,4,1
8154000,2,4,1
8155000,1,3,1
8156000,2,3,1
8157000,3,4,1
8158000,1,4,0
8159000,1,4,0
8160000,3,4,1
8161000,1,2,1
8162000,1,3,1
8163000,1,2,1
8164000,2,4,1
8165000,1,3,0
8166000,1,3,1
8167000,1,2,1
8168000,1,4,0
8169000,1,2,1
8170000,1,2,1
8171000,3,4,1
8172000,2,4,1
8173000,1,4,0
8174000,1,4,0
8175000,1,2,1
8176000,1,4,0
8177000,1,2,1
8178000,2,4,0
8179000,1,4,1
8180000,1,4,1
8181000,3,4,1
8182000,2,4,0
8183000,1,4,0
8184000,1,3,1
8185000,1,2,1
8186000,2,4,1
8187000,1,2,1
8188000,1,4,1
8189000,2,4,1
8190000,2,3,1
8191000,3,4,1
8192000,1,2,1
8193000,2,3,1
8194000,2,3,0
8195000,2,4,0
8196000,1,2,1
8197000,3,4,1
8198000,2,3,1
8199000,2,3,1
8200000,3,4,1
8201000,2,3,0
8202000,1,4,0
8203000,1,3,0
8204000,1,4,0
8205000,1,3,0
8206000,2,3,0
8207000,1,3,0
8208000,1,2,1
8209000,1,3,0
8210000,1,4,1
8211000,1,3,1
8212000,2,3,0
8213000,1,4,1
8214000,1,3,1
8215000,2,4,1
8216000,3,4,1
8217000,1,2,1
8218000,2,4,1
8219000,2,4,0
8220000,3,4,1
8221000,1,4,1
8222000,1,2,1
8223000,1,2,1
8224000,2,3,1
8225000,3,4,0
8226000,1,2,1
8227000,1,2,1
8228000,1,3,1
8229000,1,4,0
8230000,3,4,0
8231000,1,4,0
8232000,2,3,1
8233000,3,4,1
8234000,1,2,1
8235000,2,3,1
8236000,2,4,1
8237000,1,2,0
8238000,2,4,1
8239000,2,3,1
8240000,3,4,1
8241000,2,3,0
8242000,1,2,1
8243000,2,3,1
8244000,1,2,1
8245000,1,2,1
8246000,1,3,1
8247000,1,4,0
8248000,3,4,1
8249000,2,4,1
8250000,1,4,0
8251000,1,3,0
8252000,2,3,0
8253000,2,3,1
8254000,1,2,1
8255000,2,4,0
8256000,1,4,1
8257000,2,4,0
8258000,1,2,1
8259000,1,2,1
8260000,2,4,0
8261000,1,3,1
8262000,1,3,0
8263000,2,3,1
8264000,1,4,1
8265000,3,4,1
8266000,1,2,1
8267000,2,4,1
8268000,2,3,0
8269000,3,4,1
8270000,3,4,1
8271000,1,3,1
8272000,2,4,1
8273000,3,4,1
8274000,1,2,0
8275000,1,2,0
8276000,2,4,1
8277000,1,4,0
8278000,2,3,1
8279000,2,4,0
8280000,2,4,0
8281000,1,3,1
8282000,2,4,0
8283000,1,4,1
8284000,2,3,1
8285000,1,3,1
8286000,1,4,0
8287000,1,4,0
8288000,2,3,1
8289000,1,2,0
8290000,1,4,0
8291000,2,4,1
8292000,1,4,0
8293000,2,4,1
8294000,1,2,1
8295000,1,4,1
8296000,1,3,1
8297000,3,4,1
8298000,1,3,0
8299000,3,4,1
8300000,1,2,1
8301000,2,3,1
8302000,2,4,1
8303000,1,4,0
8304000,1,2,1
8305000,3,4,1
8306000,1,3,1
8307000,3,4,1
8308000,1,3,1
8309000,2,4,0
8310000,2,4,0
8311000,2,3,0
8312000,1,4,0
8313000,2,3,0
8314000,1,3,0
8315000,1,4,0
8316000,2,3,0
8317000,2,3,1
8318000,3,4,0
8319000,2,4,1
8320000,1,3,1
8321000,1,4,0
8322000,1,2,1
8323000,2,4,0
8324000,2,3,1
8325000,1,2,1
8326000,3,4,0
8327000,1,3,1
8328000,2,3,1
8329000,1,4,0
8330000,1,4,0
8331000,3,4,1
8332000,3,4,1
8333000,2,4,1
8334000,1,4,0
8335000,1,4,1
8336000,2,3,1
8337000,1,2,1
8338000,2,4,1
8339000,1,2,1
8340000,2,3,1
8341000,3,4,1
8342000,1,2,1
8343000,1,4,0
8344000,1,2,1
8345000,2,3,1
8346000,1,4,0
8347000,1,3,0
8348000,1,4,0
8349000,3,4,1
8350000,1,2,1
8351000,2,3,1
8352000,3,4,1
8353000,2,4,1
8354000,1,3,0
8355000,3,4,1
8356000,1,2,1
8357000,2,3,0
8358000,3,4,1
8359000,2,3,1
8360000,2,3,1
8361000,1,4,1
8362000,3,4,1
8363000,1,3,1
8364000,1,4,0
8365000,1,3,1
8366000,3,4,1
8367000,2,4,1
8368000,3,4,1
8369000,2,4,0
8370000,2,3,1
8371000,2,3,1
8372000,1,3,1
8373000,2,3,1
8374000,1,3,1
8375000,1,3,1
8376000,3,4,1
8377000,1,3,0
8378000,1,4,1
8379000,1,2,1
8380000,2,4,1
8381000,3,4,1
8382000,2,4,0
8383000,1,4,1
8384000,3,4,1
8385000,2,3,1
8386000,1,3,1
8387000,3,4,1
8388000,2,3,1
8389000,2,3,0
8390000,1,3,1
8391000,2,3,1
8392000,2,4,0
8393000,3,4,1
8394000,2,4,0
8395000,3,4,1
8396000,1,3,1
8397000,2,4,0
8398000,1,2,1
8399000,2,3,1
8400000,1,4,0
8401000,1,3,1
8402000,1,4,0
8403000,3,4,1
8404000,1,2,1
8405000,2,4,1
8406000,2,4,1
8407000,1,4,1
8408000,2,4,1
8409000,1,3,0
8410000,2,4,1
8411000,2,3,1
8412000,1,2,1
8413000,2,3,1
8414000,1,3,1
8415000,2,4,0
8416000,2,3,0
8417000,1,3,1
8418000,3,4,1
8419000,2,3,1
8420000,1,3,1
8421000,1,2,1
8422000,2,4,1
8423000,3,4,1
8424000,1,2,1
8425000,1,2,1
8426000,3,4,1
8427000,3,4,1
8428000,2,3,0
8429000,2,3,1
8430000,1,2,1
8431000,2,4,0
8432000,1,4,1
8433000,3,4,1
8434000,3,4,1
8435000,3,4,1
8436000,1,3,1
8437000,1,3,1
8438000,1,3,1
8439000,1,4,1
8440000,1,4,0
8441000,1,4,0
8442000,1,2,1
8443000,1,3,0
8444000,2,3,0
8445000,1,2,1
8446000,2,4,1
8447000,1,2,0
8448000,3,4,1
8449000,3,4,1
8450000,3,4,1
8451000,1,4,1
8452000,3,4,1
8453000,2,3,1
8454000,2,4,0
8455000,2,4,0
8456000,3,4,1
8457000,1,3,1
8458000,2,4,0
8459000,2,4,1
8460000,3,4,1
8461000,1,2,1
8462000,3,4,0
8463000,1,3,1
8464000,2,4,1
8465000,1,4,1
8466000,3,4,1
8467000,2,3,1
8468000,3,4,1
8469000,2,4,1
8470000,1,4,1
8471000,3,4,1
8472000,2,3,1
8473000,1,4,1
8474000,1,2,1
8475000,2,4,1
8476000,1,4,1
8477000,1,4,1
8478000,2,4,1
8479000,2,3,1
8480000,2,3,1
8481000,3,4,1
8482000,1,4,1
8483000,2,4,1
8484000,2,4,1
8485000,1,4,1
8486000,3,4,0
8487000,3,4,1
8488000,1,4,1
8489000,2,3,1
8490000,2,3,1
8491000,1,4,0
8492000,2,4,1
8493000,1,2,0
8494000,3,4,1
8495000,1,4,0
8496000,3,4,1
8497000,2,3,0
8498000,1,4,0
8499000,3,4,1
8500000,1,3,0
8501000,1,2,1
8502000,1,3,1
8503000,3,4,1
8504000,1,4,0
8505000,2,3,0
8506000,1,2,1
8507000,3,4,1
8508000,1,2,1
8509000,1,2,1
8510000,3,4,1
8511000,2,3,1
8512000,2,4,1
8513000,1,2,0
8514000,2,3,1
8515000,1,2,1
8516000,3,4,1
8517000,3,4,1
8518000,2,3,0
8519000,1,2,1
8520000,2,3,1
8521000,2,4,1
8522000,2,4,1
8523000,2,3,1
8524000,2,3,1
8525000,2,4,1
8526000,1,2,1
8527000,1,2,1
8528000,1,3,0
8529000,1,3,1
8530000,1,2,1
8531000,2,3,1
8532000,1,4,1
8533000,1,2,1
8534000,1,2,1
8535000,1,3,1
8536000,1,3,1
8537000,1,3,1
8538000,1,3,1
8539000,2,4,1
8540000,1,3,1
8541000,1,2,0
8542000,2,4,1
8543000,3,4,1
8544000,1,2,1
8545000,2,4,1
8546000,1,3,1
8547000,1,3,1
8548000,1,3,0
8549000,2,3,1
8550000,2,3,1
8551000,2,4,1
8552000,2,4,1
8553000,1,3,0
8554000,3,4,1
8555000,2,4,1
8556000,2,4,1
8557000,1,3,1
8558000,2,3,1
8559000,3,4,1
8560000,1,2,1
8561000,3,4,1
8562000,2,4,0
8563000,1,2,1
8564000,1,3,1
8565000,2,3,1
8566000,1,2,1
8567000,1,4,1
8568000,1,2,1
8569000,1,3,1
8570000,2,4,1
8571000,2,4,0
8572000,3,4,1
8573000,1,2,1
8574000,3,4,1
8575000,2,4,0
8576000,3,4,1
8577000,1,4,1
8578000,1,3,0
8579000,1,3,1
8580000,2,3,0
8581000,1,4,1
8582000,1,3,0
8583000,1,2,1
8584000,2,4,0
8585000,1,2,1
8586000,2,4,1
8587000,1,3,0
8588000,1,4,1
8589000,2,3,1
8590000,1,3,0
8591000,1,3,0
8592000,2,3,1
8593000,3,4,1
8594000,2,4,1
8595000,2,3,1
8596000,3,4,0
8597000,2,4,0
8598000,1,2,1
8599000,1,2,1
8600000,1,2,1
8601000,3,4,0
8602000,3,4,1
8603000,2,4,1
8604000,1,3,1
8605000,1,2,1
8606000,3,4,1
8607000,1,2,0
8608000,2,3,1
8609000,2,3,0
8610000,2,4,0
8611000,3,4,1
8612000,2,3,1
8613000,1,2,1
8614000,1,3,1
8615000,1,2,0
8616000,2,3,1
8617000,3,4,1
8618000,1,4,0
8619000,3,4,1
8620000,2,3,1
8621000,2,4,1
8622000,1,2,1
8623000,2,3,1
8624000,2,4,1
8625000,2,3,1
8626000,1,4,1
8627000,2,4,1
8628000,3,4,1
8629000,2,4,1
8630000,1,3,1
8631000,1,2,1
8632000,2,4,0
8633000,3,4,1
8634000,1,3,1
8635000,1,4,1
8636000,3,4,1
8637000,3,4,1
8638000,2,3,0
8639000,2,4,0
8640000,2,3,1
8641000,1,4,0
8642000,1,4,1
8643000,1,2,1
8644000,1,4,1
8645000,1,2,0
8646000,2,3,1
8647000,2,3,1
8648000,1,2,0
8649000,2,3,1
8650000,2,4,0
8651000,3,4,1
8652000,1,4,0
8653000,1,3,0
8654000,3,4,1
8655000,1,3,1
8656000,1,3,1
8657000,2,4,0
8658000,2,4,0
8659000,3,4,1
8660000,1,4,0
8661000,1,2,1
8662000,1,2,1
8663000,3,4,1
8664000,2,4,0
8665000,1,3,1
8666000,1,3,1
8667000,3,4,1
8668000,1,4,1
8669000,2,4,1
8670000,2,3,0
8671000,2,3,0
8672000,2,4,1
8673000,2,3,1
8674000,2,4,1
8675000,1,2,1
8676000,3,4,1
8677000,2,3,1
8678000,1,4,1
8679000,1,2,1
8680000,2,3,1
8681000,1,2,1
8682000,1,2,1
8683000,2,3,1
8684000,2,4,1
8685000,1,4,1
8686000,2,4,0
8687000,3,4,1
8688000,2,3,1
8689000,1,3,1
8690000,2,4,1
8691000,3,4,0
8692000,2,4,1
8693000,2,4,1
8694000,1,2,1
8695000,2,3,1
8696000,1,2,1
8697000,1,2,1
8698000,2,3,1
8699000,2,3,1
8700000,1,3,1
8701000,3,4,1
8702000,2,4,0
8703000,1,4,0
8704000,2,4,1
8705000,3,4,1
8706000,3,4,1
8707000,1,2,1
8708000,2,4,1
8709000,3,4,1
8710000,1,3,1
8711000,1,4,1
8712000,1,4,1
8713000,2,3,1
8714000,1,2,1
8715000,3,4,1
8716000,1,2,1
8717000,1,3,0
8718000,2,4,1
8719000,1,3,0
8720000,2,3,0
8721000,3,4,1
8722000,1,2,1
8723000,1,4,0
8724000,1,2,1
8725000,1,4,1
8726000,1,4,1
8727000,3,4,1
8728000,1,4,0
8729000,1,2,1
8730000,3,4,1
8731000,2,3,1
8732000,1,3,1
8733000,1,3,1
8734000,1,3,0
8735000,1,3,0
8736000,1,2,0
8737000,1,4,1
8738000,2,3,1
8739000,1,3,1
8740000,1,3,1
8741000,2,3,1
8742000,2,3,1
8743000,1,2,1
8744000,2,3,1
8745000,1,2,1
8746000,1,2,1
8747000,1,4,1
8748000,1,2,1
8749000,2,3,1
8750000,2,4,1
8751000,1,2,1
8752000,1,2,0
8753000,2,3,1
8754000,3,4,1
8755000,2,3,0
8756000,1,2,1
8757000,1,4,0
8758000,1,4,0
8759000,2,4,0
8760000,2,4,0
8761000,3,4,1
8762000,1,3,1
8763000,2,3,1
8764000,2,3,1
8765000,2,3,1
8766000,1,2,1
8767000,2,4,1
8768000,2,3,1
8769000,1,4,0
8770000,1,2,1
8771000,2,4,0
8772000,1,3,0
8773000,1,2,1
8774000,1,4,0
8775000,2,4,1
8776000,3,4,1
8777000,1,3,1
8778000,3,4,1
8779000,1,4,1
8780000,1,2,1
8781000,2,3,0
8782000,2,4,1
8783000,1,4,1
8784000,3,4,1
8785000,1,2,1
8786000,2,4,0
8787000,1,4,0
8788000,2,3,1
8789000,1,2,1
8790000,2,3,1
8791000,1,3,1
8792000,1,3,0
8793000,1,2,1
8794000,1,2,1
8795000,1,4,0
8796000,2,3,0
8797000,1,2,1
8798000,1,3,0
8799000,3,4,0
8800000,1,3,0
8801000,1,2,1
8802000,2,4,1
8803000,1,3,1
8804000,3,4,1
8805000,2,4,1
8806000,1,3,1
8807000,3,4,0
8808000,1,2,1
8809000,2,4,0
8810000,2,3,1
8811000,1,2,1
8812000,3,4,0
8813000,2,4,0
8814000,1,3,1
8815000,1,3,0
8816000,1,4,0
8817000,1,2,1
8818000,1,2,1
8819000,3,4,1
8820000,3,4,1
8821000,3,4,1
8822000,2,3,1
8823000,2,3,1
8824000,2,3,1
8825000,2,3,1
8826000,1,3,1
8827000,1,4,1
8828000,1,4,1
8829000,2,3,1
8830000,1,2,1
8831000,3,4,1
8832000,2,3,1
8833000,2,3,1
8834000,1,3,1
8835000,1,2,1
8836000,1,3,1
8837000,2,4,1
8838000,2,4,0
8839000,3,4,1
8840000,1,2,1
8841000,3,4,1
8842000,2,4,0
8843000,1,2,1
8844000,3,4,1
8845000,1,3,0
8846000,1,2,1
8847000,1,3,0
8848000,1,2,1
8849000,3,4,1
8850000,1,3,1
8851000,1,2,1
8852000,2,4,1
8853000,2,3,1
8854000,1,2,1
8855000,1,3,1
8856000,1,4,1
8857000,2,3,1
8858000,1,3,1
8859000,1,3,0
8860000,3,4,1
8861000,1,2,1
8862000,2,3,0
8863000,1,2,1
8864000,1,4,1
8865000,1,4,1
8866000,1,3,1
8867000,1,3,1
8868000,1,3,1
8869000,1,3,1
8870000,1,3,1
8871000,2,3,1
8872000,3,4,1
8873000,2,4,0
8874000,1,3,1
8875000,3,4,1
8876000,1,4,1
8877000,1,4,1
8878000,1,3,1
8879000,2,3,0
8880000,1,3,0
8881000,1,2,1
8882000,2,3,1
8883000,1,2,1
8884000,2,4,0
8885000,2,4,0
8886000,2,4,0
8887000,2,4,0
8888000,1,2,1
8889000,1,2,1
8890000,2,4,0
8891000,2,3,1
8892000,1,4,1
8893000,3,4,1
8894000,2,3,1
8895000,1,3,1
8896000,1,2,1
8897000,3,4,1
8898000,1,4,1
8899000,1,2,1
8900000,2,4,1
8901000,1,4,0
8902000,1,4,0
8903000,1,4,0
8904000,2,3,1
8905000,1,3,0
8906000,1,2,1
8907000,1,2,1
8908000,1,3,0
8909000,3,4,1
8910000,2,3,1
8911000,1,2,0
8912000,2,4,1
8913000,1,2,1
8914000,1,3,1
8915000,1,3,0
8916000,2,3,1
8917000,3,4,0
8918000,3,4,1
8919000,2,3,1
8920000,1,3,0
8921000,2,3,1
8922000,3,4,1
8923000,1,2,0
8924000,2,4,1
8925000,1,2,1
8926000,2,4,1
8927000,1,4,1
8928000,3,4,1
8929000,1,2,1
8930000,2,3,0
8931000,2,4,1
8932000,1,4,1
8933000,1,3,0
8934000,1,3,1
8935000,2,3,1
8936000,1,3,1
8937000,1,2,1
8938000,2,4,0
8939000,2,3,1
8940000,1,2,1
8941000,1,2,1
8942000,1,4,0
8943000,1,2,1
8944000,1,4,1
8945000,2,4,0
8946000,1,3,1
8947000,1,2,1
8948000,1,3,1
8949000,2,4,1
8950000,2,4,1
8951000,1,3,1
8952000,1,4,1
8953000,1,2,1
8954000,1,4,1
8955000,2,3,1
8956000,3,4,1
8957000,1,2,1
8958000,1,3,1
8959000,3,4,1
8960000,1,4,0
8961000,1,2,1
8962000,1,3,0
8963000,2,3,1
8964000,2,4,1
8965000,2,3,1
8966000,1,4,0
8967000,1,4,1
8968000,2,4,1
8969000,1,2,1
8970000,2,4,1
8971000,1,4,0
8972000,1,3,1
8973000,1,3,1
8974000,1,3,0
8975000,1,4,0
8976000,2,4,0
8977000,2,3,1
8978000,2,4,1
8979000,3,4,1
8980000,2,4,1
8981000,1,4,1
8982000,1,3,0
8983000,3,4,1
8984000,1,3,1
8985000,2,3,0
8986000,2,3,1
8987000,1,4,0
8988000,2,4,1
8989000,1,4,0
8990000,2,3,1
8991000,2,3,1
8992000,1,4,1
8993000,2,3,1
8994000,1,2,1
8995000,2,3,1
8996000,1,2,0
8997000,1,3,0
8998000,2,4,1
8999000,2,4,0
9000000,3,4,1
9001000,2,4,0
9002000,2,4,0
9003000,1,3,0
9004000,1,4,0
9005000,2,4,0
9006000,2,4,0
9007000,2,3,1
9008000,3,4,0
9009000,2,3,1
9010000,1,2,1
9011000,3,4,1
9012000,2,3,0
9013000,1,2,1
9014000,1,3,0
9015000,1,4,0
9016000,1,3,0
9017000,2,4,1
9018000,2,3,1
9019000,3,4,1
9020000,3,4,0
9021000,1,4,0
9022000,1,4,0
9023000,1,3,1
9024000,1,3,1
9025000,1,3,1
9026000,2,3,1
9027000,2,3,0
9028000,2,4,0
9029000,3,4,1
9030000,2,4,1
9031000,3,4,1
9032000,1,2,1
9033000,1,4,0
9034000,1,3,1
9035000,1,4,0
9036000,1,3,1
9037000,1,2,1
9038000,3,4,0
9039000,1,4,0
9040000,2,3,1
9041000,1,3,0
9042000,1,3,1
9043000,2,4,0
9044000,3,4,0
9045000,1,4,0
9046000,2,4,1
9047000,1,4,1
9048000,2,4,1
9049000,3,4,1
9050000,1,3,0
9051000,1,3,0
9052000,1,2,1
9053000,1,4,1
9054000,1,2,1
9055000,2,4,0
9056000,1,2,1
9057000,1,2,1
9058000,2,4,1
9059000,1,2,0
9060000,2,3,1
9061000,1,2,1
9062000,1,4,1
9063000,1,3,0
9064000,2,4,0
9065000,3,4,1
9066000,2,4,0
9067000,2,4,0
9068000,1,2,1
9069000,3,4,1
9070000,1,2,0
9071000,2,4,1
9072000,1,2,1
9073000,3,4,1
9074000,1,3,1
9075000,2,3,1
9076000,3,4,1
9077000,1,4,1
9078000,1,3,0
9079000,2,3,1
9080000,2,3,1
9081000,3,4,1
9082000,1,2,0
9083000,3,4,0
9084000,1,2,0
9085000,1,2,1
9086000,3,4,0
9087000,1,3,1
9088000,3,4,1
9089000,2,4,0
9090000,2,4,1
9091000,3,4,1
9092000,1,3,1
9093000,3,4,1
9094000,1,2,1
9095000,1,3,1
9096000,2,4,1
9097000,1,3,1
9098000,2,3,1
9099000,1,4,1
9100000,2,4,1
9101000,2,4,1
9102000,1,4,1
9103000,1,2,1
9104000,1,3,1
9105000,3,4,1
9106000,1,2,1
9107000,3,4,1
9108000,1,3,1
9109000,3,4,1
9110000,1,3,1
9111000,1,2,1
9112000,1,3,0
9113000,2,3,1
9114000,1,4,0
9115000,2,3,1
9116000,1,3,1
9117000,1,4,1
9118000,3,4,1
9119000,2,4,1
9120000,2,3,0
9121000,2,4,1
9122000,1,3,1
9123000,1,3,1
9124000,2,3,1
9125000,1,2,1
9126000,2,3,1
9127000,1,2,1
9128000,2,3,1
9129000,2,3,1
9130000,2,3,1
9131000,1,4,1
9132000,2,3,1
9133000,2,4,1
9134000,2,3,1
9135000,2,3,1
9136000,1,3,0
9137000,2,3,1
9138000,2,4,1
9139000,1,2,1
9140000,1,3,1
9141000,1,4,0
9142000,1,2,1
9143000,2,3,0
9144000,1,2,1
9145000,2,3,1
9146000,1,4,1
9147000,1,3,1
9148000,1,4,0
9149000,1,4,1
9150000,2,4,1
9151000,2,4,0
9152000,2,4,1
9153000,2,3,0
9154000,1,2,1
9155000,1,3,1
9156000,1,2,1
9157000,2,4,1
9158000,1,4,1
9159000,3,4,1
9160000,1,4,1
9161000,1,2,1
9162000,2,3,1
9163000,3,4,0
9164000,2,3,1
9165000,2,4,0
9166000,3,4,1
9167000,2,4,1
9168000,3,4,1
9169000,1,4,1
9170000,1,4,1
9171000,2,3,1
9172000,1,3,0
9173000,2,3,1
9174000,2,4,0
9175000,2,3,1
9176000,2,3,1
9177000,2,3,1
9178000,1,4,0
9179000,2,3,1
9180000,2,4,0
9181000,1,4,0
9182000,2,4,0
9183000,1,2,0
9184000,2,4,0
9185000,1,4,1
9186000,1,3,1
9187000,1,4,1
9188000,2,4,1
9189000,1,4,0
9190000,1,4,0
9191000,2,4,1
9192000,1,2,1
9193000,2,4,1
9194000,2,3,1
9195000,3,4,1
9196000,1,2,0
9197000,1,4,1
9198000,1,3,1
9199000,1,2,1
9200000,2,3,0
9201000,1,2,1
9202000,1,4,0
9203000,2,3,1
9204000,2,4,1
9205000,1,3,0
9206000,1,3,0
9207000,1,2,1
9208000,1,3,0
9209000,1,3,0
9210000,2,3,0
9211000,1,3,0
9212000,3,4,1
9213000,1,2,1
9214000,2,4,1
9215000,3,4,1
9216000,1,3,1
9217000,1,4,0
9218000,2,4,1
9219000,1,2,1
9220000,1,2,1
9221000,3,4,0
9222000,1,2,0
9223000,2,4,0
9224000,2,3,1
9225000,3,4,1
9226000,2,3,0
9227000,2,3,1
9228000,1,4,0
9229000,1,2,1
9230000,3,4,1
9231000,2,4,0
9232000,2,4,1
9233000,2,4,1
9234000,3,4,1
9235000,2,4,0
9236000,1,3,1
9237000,1,3,0
9238000,1,4,1
9239000,3,4,1
9240000,2,4,0
9241000,3,4,0
9242000,3,4,1
9243000,1,2,1
9244000,1,2,0
9245000,1,4,1
9246000,1,4,1
9247000,2,4,1
9248000,1,4,0
9249000,2,3,1
9250000,1,4,0
9251000,2,4,1
9252000,1,3,1
9253000,2,4,1
9254000,3,4,0
9255000,2,3,1
9256000,1,3,0
9257000,2,3,1
9258000,1,2,1
9259000,1,3,1
9260000,3,4,1
9261000,3,4,1
9262000,1,3,0
9263000,1,4,0
9264000,1,4,0
9265000,2,3,1
9266000,2,4,1
9267000,2,4,1
9268000,2,4,1
9269000,2,3,1
9270000,1,2,1
9271000,1,4,0
9272000,2,3,1
9273000,1,4,0
9274000,1,4,0
9275000,1,4,0
9276000,1,3,1
9277000,3,4,0
9278000,3,4,1
9279000,2,3,1
9280000,3,4,1
9281000,2,3,1
9282000,1,4,0
9283000,1,3,0
9284000,1,2,1
9285000,2,4,0
9286000,1,3,1
9287000,2,4,0
9288000,1,3,1
9289000,1,2,1
9290000,1,4,0
9291000,1,4,0
9292000,2,4,0
9293000,1,4,0
9294000,1,3,0
9295000,3,4,1
9296000,3,4,1
9297000,2,3,1
9298000,1,4,0
9299000,2,3,1
9300000,1,3,0
9301000,1,2,1
9302000,2,3,1
9303000,1,3,1
9304000,1,2,1
9305000,2,3,1
9306000,2,3,1
9307000,1,4,0
9308000,1,3,1
9309000,2,3,0
9310000,2,4,0
9311000,1,3,0
9312000,1,2,1
9313000,1,2,1
9314000,1,2,1
9315000,1,3,1
9316000,1,4,1
9317000,3,4,1
9318000,3,4,1
9319000,1,3,1
9320000,1,3,0
9321000,3,4,1
9322000,3,4,1
9323000,2,4,0
9324000,2,3,1
9325000,3,4,0
9326000,3,4,0
9327000,1,4,1
9328000,1,2,1
9329000,3,4,1
9330000,1,2,1
9331000,1,4,1
9332000,1,4,0
9333000,2,3,1
9334000,3,4,1
9335000,2,3,1
9336000,1,4,0
9337000,2,4,0
9338000,2,4,1
9339000,1,3,0
9340000,3,4,0
9341000,2,4,1
9342000,1,2,1
9343000,2,3,1
9344000,1,4,1
9345000,1,4,1
9346000,2,4,0
9347000,3,4,1
9348000,2,3,1
9349000,2,4,1
9350000,1,2,1
9351000,2,4,1
9352000,2,3,1
9353000,1,2,1
9354000,1,3,0
9355000,1,2,1
9356000,1,2,1
9357000,3,4,1
9358000,1,3,1
9359000,1,4,1
9360000,3,4,0
9361000,2,4,1
9362000,3,4,1
9363000,3,4,1
9364000,2,4,1
9365000,1,3,1
9366000,1,3,0
9367000,1,2,1
9368000,2,3,1
9369000,1,3,1
9370000,3,4,1
9371000,1,4,1
9372000,2,3,1
9373000,2,4,1
9374000,2,3,1
9375000,3,4,1
9376000,2,3,1
9377000,1,4,1
9378000,1,4,1
9379000,2,3,1
9380000,2,3,1
9381000,2,4,1
9382000,1,3,1
9383000,1,4,1
9384000,3,4,1
9385000,1,3,1
9386000,2,4,1
9387000,1,3,1
9388000,1,3,1
9389000,1,2,1
9390000,1,2,0
9391000,1,4,1
9392000,1,3,1
9393000,1,2,1
9394000,1,4,1
9395000,2,4,0
9396000,3,4,0
9397000,2,3,1
9398000,2,3,1
9399000,2,3,1
9400000,1,4,0
9401000,2,3,1
9402000,2,3,1
9403000,2,3,0
9404000,1,2,1
9405000,1,4,0
9406000,2,4,1
9407000,2,3,1
9408000,3,4,1
9409000,1,2,1
9410000,2,3,1
9411000,3,4,1
9412000,1,2,1
9413000,3,4,1
9414000,3,4,1
9415000,2,4,1
9416000,3,4,1
9417000,1,2,1
9418000,1,2,1
9419000,1,3,1
9420000,1,4,1
9421000,1,4,1
9422000,1,2,1
9423000,3,4,0
9424000,1,3,0
9425000,1,4,1
9426000,2,4,1
9427000,1,2,1
9428000,1,2,0
9429000,1,3,1
9430000,1,2,1
9431000,1,2,1
9432000,2,4,1
9433000,1,2,1
9434000,3,4,1
9435000,2,4,1
9436000,1,4,1
9437000,2,3,1
9438000,2,3,1
9439000,1,3,0
9440000,1,2,1
9441000,1,2,1
9442000,2,4,0
9443000,1,2,1
9444000,1,2,1
9445000,3,4,1
9446000,2,4,1
9447000,2,4,1
9448000,3,4,1
9449000,1,3,0
9450000,2,4,0
9451000,2,3,1
9452000,3,4,1
9453000,2,3,1
9454000,1,3,0
9455000,1,3,0
9456000,1,4,1
9457000,3,4,1
9458000,2,3,1
9459000,3,4,1
9460000,2,3,1
9461000,2,3,1
9462000,1,2,1
9463000,1,3,1
9464000,1,4,1
9465000,2,3,1
9466000,2,4,0
9467000,2,3,1
9468000,2,3,0
9469000,1,3,1
9470000,1,4,0
9471000,2,4,1
9472000,2,4,1
9473000,3,4,1
9474000,1,2,1
9475000,3,4,1
9476000,3,4,1
9477000,2,3,0
9478000,1,2,1
9479000,3,4,1
9480000,2,3,0
9481000,2,4,0
9482000,1,3,1
9483000,2,3,1
9484000,1,2,1
9485000,1,4,0
9486000,1,2,1
9487000,1,2,1
9488000,1,3,1
9489000,1,3,1
9490000,2,4,1
9491000,1,2,0
9492000,3,4,0
9493000,2,4,0
9494000,2,4,0
9495000,2,4,1
9496000,1,2,1
9497000,2,4,1
9498000,2,4,1
9499000,1,4,1
9500000,2,3,1
9501000,3,4,0
9502000,2,4,1
9503000,1,4,1
9504000,1,2,0
9505000,2,3,1
9506000,1,4,0
9507000,1,3,0
9508000,1,3,0
9509000,1,3,1
9510000,2,3,1
9511000,3,4,0
9512000,3,4,1
9513000,2,3,0
9514000,1,3,1
9515000,3,4,1
9516000,3,4,0
9517000,3,4,0
9518000,2,3,1
9519000,1,3,1
9520000,3,4,1
9521000,2,3,1
9522000,2,3,1
9523000,1,4,1
9524000,1,4,1
9525000,1,2,1
9526000,3,4,1
9527000,2,4,1
9528000,2,3,1
9529000,1,4,1
9530000,2,3,1
9531000,1,3,0
9532000,1,2,0
9533000,3,4,1
9534000,1,2,0
9535000,1,3,1
9536000,1,4,1
9537000,1,4,1
9538000,1,3,1
9539000,2,3,1
9540000,2,3,1
9541000,3,4,1
9542000,1,4,0
9543000,2,3,1
9544000,1,4,0
9545000,1,2,0
9546000,1,3,1
9547000,1,4,1
9548000,1,3,1
9549000,1,3,1
9550000,2,4,0
9551000,3,4,1
9552000,3,4,1
9553000,3,4,0
9554000,1,3,1
9555000,1,4,0
9556000,1,2,1
9557000,1,3,1
9558000,1,3,1
9559000,1,3,1
9560000,2,3,0
9561000,2,3,1
9562000,1,3,1
9563000,1,3,1
9564000,2,4,1
9565000,1,4,0
9566000,2,4,1
9567000,2,4,1
9568000,3,4,1
9569000,2,4,1
9570000,2,3,1
9571000,2,4,1
9572000,1,2,1
9573000,1,3,1
9574000,2,3,0
9575000,1,3,1
9576000,3,4,1
9577000,3,4,1
9578000,3,4,0
9579000,3,4,1
9580000,2,3,0
9581000,1,3,1
9582000,3,4,1
9583000,3,4,1
9584000,1,4,1
9585000,2,3,1
9586000,1,3,0
9587000,1,2,1
9588000,1,4,1
9589000,1,4,1
9590000,2,3,1
9591000,2,3,1
9592000,3,4,1
9593000,2,4,1
9594000,2,3,1
9595000,3,4,1
9596000,2,3,1
9597000,3,4,1
9598000,1,4,1
9599000,1,2,1
9600000,1,2,0
9601000,1,2,0
9602000,3,4,1
9603000,2,4,1
9604000,2,4,1
9605000,3,4,1
9606000,2,3,1
9607000,1,4,1
9608000,3,4,1
9609000,1,3,1
9610000,3,4,1
9611000,1,2,1
9612000,3,4,1
9613000,1,2,1
9614000,2,4,1
9615000,2,3,1
9616000,1,2,1
9617000,1,4,1
9618000,1,3,0
9619000,1,3,1
9620000,3,4,1
9621000,1,3,0
9622000,1,3,0
9623000,1,4,1
9624000,1,2,1
9625000,1,2,1
9626000,1,3,1
9627000,2,4,0
9628000,3,4,0
9629000,2,4,0
9630000,2,3,1
9631000,3,4,1
9632000,1,3,1
9633000,2,3,1
9634000,2,3,1
9635000,2,4,1
9636000,1,3,0
9637000,1,3,1
9638000,2,4,1
9639000,1,2,1
9640000,3,4,1
9641000,1,4,1
9642000,1,4,1
9643000,2,4,1
9644000,1,4,0
9645000,2,4,1
9646000,1,3,1
9647000,1,3,1
9648000,2,3,1
9649000,2,3,1
9650000,2,3,1
9651000,1,2,1
9652000,1,4,0
9653000,2,3,1
9654000,1,2,0
9655000,1,2,0
9656000,1,2,1
9657000,2,4,0
9658000,1,3,1
9659000,2,3,0
9660000,2,3,0
9661000,1,3,0
9662000,2,4,1
9663000,3,4,1
9664000,1,4,0
9665000,3,4,1
9666000,1,3,0
9667000,2,4,1
9668000,2,4,0
9669000,2,3,1
9670000,2,3,1
9671000,2,4,0
9672000,2,4,0
9673000,2,3,1
9674000,1,3,1
9675000,2,4,1
9676000,3,4,1
9677000,1,3,1
9678000,1,3,1
9679000,3,4,1
9680000,1,3,0
9681000,1,2,0
9682000,1,2,0
9683000,1,2,1
9684000,2,3,1
9685000,1,4,0
9686000,1,2,1
9687000,2,4,0
9688000,1,2,1
9689000,2,3,1
9690000,2,3,1
9691000,1,4,0
9692000,1,4,1
9693000,1,4,1
9694000,1,3,1
9695000,3,4,0
9696000,2,3,1
9697000,1,4,0
9698000,1,4,0
9699000,1,2,0
9700000,1,3,1
9701000,2,4,0
9702000,1,3,1
9703000,1,2,1
9704000,1,4,0
9705000,1,2,1
9706000,2,4,1
9707000,1,3,0
9708000,2,4,1
9709000,1,4,1
9710000,3,4,1
9711000,2,3,1
9712000,1,4,1
9713000,2,4,1
9714000,3,4,1
9715000,1,3,1
9716000,1,2,1
9717000,3,4,1
9718000,2,3,1
9719000,1,4,1
9720000,1,3,1
9721000,1,2,0
9722000,1,3,1
9723000,1,4,0
9724000,2,4,1
9725000,1,4,1
9726000,1,2,1
9727000,3,4,1
9728000,1,2,1
9729000,2,4,1
9730000,2,4,0
9731000,2,3,1
9732000,2,3,1
9733000,1,3,1
9734000,1,3,1
9735000,1,3,1
9736000,2,4,0
9737000,1,3,1
9738000,2,3,1
9739000,3,4,1
9740000,2,3,1
9741000,1,2,1
9742000,2,4,1
9743000,2,3,1
9744000,1,4,1
9745000,1,2,1
9746000,2,4,1
9747000,1,3,1
9748000,1,4,1
9749000,3,4,1
9750000,2,3,1
9751000,3,4,1
9752000,3,4,1
9753000,2,3,1
9754000,1,3,1
9755000,1,2,0
9756000,2,4,1
9757000,2,3,1
9758000,2,4,1
9759000,1,2,1
9760000,1,4,1
9761000,1,2,1
9762000,2,4,1
9763000,2,3,1
9764000,1,3,0
9765000,1,4,1
9766000,1,2,1
9767000,1,4,1
9768000,3,4,1
9769000,1,2,1
9770000,2,4,0
9771000,2,4,0
9772000,3,4,1
9773000,3,4,1
9774000,2,4,1
9775000,1,2,1
9776000,3,4,1
9777000,2,4,1
9778000,1,2,1
9779000,1,4,1
9780000,2,3,1
9781000,3,4,1
9782000,1,2,1
9783000,3,4,1
9784000,1,2,1
9785000,2,3,0
9786000,2,4,0
9787000,1,4,1
9788000,2,4,1
9789000,2,4,1
9790000,1,2,1
9791000,1,2,1
9792000,2,3,0
9793000,1,4,0
9794000,2,4,1
9795000,1,4,1
9796000,2,3,1
9797000,3,4,1
9798000,2,3,1
9799000,1,3,0
9800000,2,4,1
9801000,1,2,1
9802000,1,3,1
9803000,3,4,1
9804000,1,4,1
9805000,2,3,1
9806000,1,2,1
9807000,1,4,0
9808000,1,2,1
9809000,1,4,0
9810000,2,4,1
9811000,1,4,1
9812000,2,4,1
9813000,1,4,0
9814000,3,4,0
9815000,3,4,0
9816000,2,3,1
9817000,2,3,0
9818000,3,4,0
9819000,2,3,1
9820000,1,2,1
9821000,1,2,1
9822000,2,3,1
9823000,2,3,0
9824000,1,4,0
9825000,1,2,1
9826000,2,3,1
9827000,1,4,1
9828000,3,4,1
9829000,1,4,1
9830000,2,4,1
9831000,1,3,1
9832000,1,2,0
9833000,1,4,0
9834000,3,4,1
9835000,2,4,1
9836000,3,4,1
9837000,1,3,1
9838000,2,3,1
9839000,2,4,0
9840000,3,4,1
9841000,2,4,1
9842000,2,3,1
9843000,1,2,1
9844000,1,4,1
9845000,1,3,1
9846000,2,4,1
9847000,1,2,1
9848000,2,4,1
9849000,1,2,1
9850000,1,2,1
9851000,1,4,1
9852000,2,4,1
9853000,1,4,0
9854000,3,4,0
9855000,1,3,1
9856000,2,3,1
9857000,2,3,1
9858000,1,3,1
9859000,1,3,1
9860000,1,2,1
9861000,2,3,1
9862000,3,4,1
9863000,1,3,1
9864000,2,4,1
9865000,3,4,1
9866000,1,4,1
9867000,1,4,1
9868000,2,3,1
9869000,2,3,1
9870000,3,4,0
9871000,1,2,1
9872000,1,3,1
9873000,2,3,1
9874000,1,3,0
9875000,2,4,1
9876000,3,4,1
9877000,2,3,1
9878000,1,4,0
9879000,2,3,1
9880000,2,4,1
9881000,1,2,0
9882000,2,3,1
9883000,1,2,1
9884000,1,2,1
9885000,3,4,1
9886000,1,4,1
9887000,1,3,1
9888000,2,4,1
9889000,1,4,1
9890000,1,3,1
9891000,2,3,1
9892000,1,2,1
9893000,1,2,0
9894000,1,4,0
9895000,2,3,1
9896000,1,2,1
9897000,1,4,0
9898000,1,3,0
9899000,1,4,1
9900000,1,4,1
9901000,1,3,0
9902000,2,3,0
9903000,2,3,0
9904000,3,4,1
9905000,2,3,1
9906000,2,4,1
9907000,2,4,1
9908000,1,4,0
9909000,1,4,1
9910000,2,4,1
9911000,1,4,1
9912000,1,3,1
9913000,2,3,0
9914000,3,4,1
9915000,1,4,0
9916000,2,3,1
9917000,1,4,0
9918000,1,4,0
9919000,1,3,1
9920000,3,4,1
9921000,1,2,0
9922000,1,4,1
9923000,1,4,1
9924000,1,2,0
9925000,3,4,1
9926000,1,2,1
9927000,3,4,0
9928000,1,3,1
9929000,2,4,1
9930000,2,4,1
9931000,1,2,0
9932000,1,4,0
9933000,3,4,1
9934000,1,3,0
9935000,2,4,1
9936000,1,2,1
9937000,2,3,1
9938000,3,4,1
9939000,1,4,1
9940000,1,2,1
9941000,1,3,1
9942000,2,3,0
9943000,1,3,0
9944000,2,3,1
9945000,1,3,1
9946000,1,4,0
9947000,1,3,1
9948000,1,2,1
9949000,1,4,1
9950000,1,4,1
9951000,2,3,1
9952000,1,4,1
9953000,1,2,1
9954000,1,2,0
9955000,1,2,0
9956000,2,3,1
9957000,2,4,0
9958000,1,2,1
9959000,2,4,1
9960000,1,3,1
9961000,1,2,1
9962000,3,4,1
9963000,1,2,1
9964000,1,3,1
9965000,2,3,1
9966000,2,4,1
9967000,3,4,1
9968000,1,4,1
9969000,3,4,1
9970000,1,3,1
9971000,1,2,1
9972000,1,3,1
9973000,3,4,1
9974000,2,4,1
9975000,3,4,1
9976000,2,4,0
9977000,3,4,0
9978000,3,4,1
9979000,2,4,0
9980000,1,3,1
9981000,2,4,1
9982000,1,2,1
9983000,1,2,0
9984000,2,3,1
9985000,1,3,1
9986000,1,3,1
9987000,1,2,1
9988000,3,4,1
9989000,1,4,1
9990000,2,3,1
9991000,1,2,1
9992000,3,4,0
9993000,3,4,1
9994000,3,4,1
9995000,2,3,1
9996000,3,4,1
9997000,1,4,1
9998000,1,3,1
9999000,1,2,1
10000000,1,3,1
